id,restaurant_id,category_name,display_order,status,created_at,updated_at
1,1,Starters,1,Active,2026-06-18 12:16:29.784871,2026-06-18 12:16:29.784871
2,1,Soups,2,Active,2026-06-18 12:16:29.784871,2026-06-18 12:16:29.784871
3,1,Salads,3,Active,2026-06-18 12:16:29.784871,2026-06-18 12:16:29.784871
4,1,Main Course,4,Active,2026-06-18 12:16:29.784871,2026-06-18 12:16:29.784871
5,1,Rice,5,Active,2026-06-18 12:16:29.784871,2026-06-18 12:16:29.784871
6,1,Noodles,6,Active,2026-06-18 12:16:29.784871,2026-06-18 12:16:29.784871
7,1,Pizza,7,Active,2026-06-18 12:16:29.784871,2026-06-18 12:16:29.784871
8,1,Burgers,8,Active,2026-06-18 12:16:29.784871,2026-06-18 12:16:29.784871
9,1,Desserts,9,Active,2026-06-18 12:16:29.784871,2026-06-18 12:16:29.784871
10,1,Beverages,10,Active,2026-06-18 12:16:29.784871,2026-06-18 12:16:29.784871
11,1,Kids Menu,11,Active,2026-06-18 12:16:29.784871,2026-06-18 12:16:29.784871
12,1,Combos,12,Active,2026-06-18 12:16:29.784871,2026-06-18 12:16:29.784871
13,2,Starters,13,Active,2026-06-18 12:16:29.784871,2026-06-18 12:16:29.784871
14,2,Soups,14,Active,2026-06-18 12:16:29.784871,2026-06-18 12:16:29.784871
15,2,Salads,15,Active,2026-06-18 12:16:29.784871,2026-06-18 12:16:29.784871
16,2,Main Course,16,Active,2026-06-18 12:16:29.784871,2026-06-18 12:16:29.784871
17,2,Rice,17,Active,2026-06-18 12:16:29.784871,2026-06-18 12:16:29.784871
18,2,Noodles,18,Active,2026-06-18 12:16:29.784871,2026-06-18 12:16:29.784871
19,2,Pizza,19,Active,2026-06-18 12:16:29.784871,2026-06-18 12:16:29.784871
20,2,Burgers,20,Active,2026-06-18 12:16:29.784871,2026-06-18 12:16:29.784871
21,2,Desserts,21,Active,2026-06-18 12:16:29.784871,2026-06-18 12:16:29.784871
22,2,Beverages,22,Active,2026-06-18 12:16:29.784871,2026-06-18 12:16:29.784871
23,2,Kids Menu,23,Active,2026-06-18 12:16:29.784871,2026-06-18 12:16:29.784871
24,2,Combos,24,Active,2026-06-18 12:16:29.784871,2026-06-18 12:16:29.784871
25,3,Starters,25,Active,2026-06-18 12:16:29.784871,2026-06-18 12:16:29.784871
26,3,Soups,26,Active,2026-06-18 12:16:29.784871,2026-06-18 12:16:29.784871
27,3,Salads,27,Active,2026-06-18 12:16:29.784871,2026-06-18 12:16:29.784871
28,3,Main Course,28,Active,2026-06-18 12:16:29.784871,2026-06-18 12:16:29.784871
29,3,Rice,29,Active,2026-06-18 12:16:29.784871,2026-06-18 12:16:29.784871
30,3,Noodles,30,Active,2026-06-18 12:16:29.784871,2026-06-18 12:16:29.784871
31,3,Pizza,31,Active,2026-06-18 12:16:29.784871,2026-06-18 12:16:29.784871
32,3,Burgers,32,Active,2026-06-18 12:16:29.784871,2026-06-18 12:16:29.784871
33,3,Desserts,33,Active,2026-06-18 12:16:29.784871,2026-06-18 12:16:29.784871
34,3,Beverages,34,Active,2026-06-18 12:16:29.784871,2026-06-18 12:16:29.784871
35,3,Kids Menu,35,Active,2026-06-18 12:16:29.784871,2026-06-18 12:16:29.784871
36,3,Combos,36,Active,2026-06-18 12:16:29.784871,2026-06-18 12:16:29.784871
37,4,Starters,37,Active,2026-06-18 12:16:29.784871,2026-06-18 12:16:29.784871
38,4,Soups,38,Active,2026-06-18 12:16:29.784871,2026-06-18 12:16:29.784871
39,4,Salads,39,Active,2026-06-18 12:16:29.784871,2026-06-18 12:16:29.784871
40,4,Main Course,40,Active,2026-06-18 12:16:29.784871,2026-06-18 12:16:29.784871
41,4,Rice,41,Active,2026-06-18 12:16:29.784871,2026-06-18 12:16:29.784871
42,4,Noodles,42,Active,2026-06-18 12:16:29.784871,2026-06-18 12:16:29.784871
43,4,Pizza,43,Active,2026-06-18 12:16:29.784871,2026-06-18 12:16:29.784871
44,4,Burgers,44,Active,2026-06-18 12:16:29.784871,2026-06-18 12:16:29.784871
45,4,Desserts,45,Active,2026-06-18 12:16:29.784871,2026-06-18 12:16:29.784871
46,4,Beverages,46,Active,2026-06-18 12:16:29.784871,2026-06-18 12:16:29.784871
47,4,Kids Menu,47,Active,2026-06-18 12:16:29.784871,2026-06-18 12:16:29.784871
48,4,Combos,48,Active,2026-06-18 12:16:29.784871,2026-06-18 12:16:29.784871
49,5,Starters,49,Active,2026-06-18 12:16:29.784871,2026-06-18 12:16:29.784871
50,5,Soups,50,Active,2026-06-18 12:16:29.784871,2026-06-18 12:16:29.784871
51,5,Salads,51,Active,2026-06-18 12:16:29.784871,2026-06-18 12:16:29.784871
52,5,Main Course,52,Active,2026-06-18 12:16:29.784871,2026-06-18 12:16:29.784871
53,5,Rice,53,Active,2026-06-18 12:16:29.784871,2026-06-18 12:16:29.784871
54,5,Noodles,54,Active,2026-06-18 12:16:29.784871,2026-06-18 12:16:29.784871
55,5,Pizza,55,Active,2026-06-18 12:16:29.784871,2026-06-18 12:16:29.784871
56,5,Burgers,56,Active,2026-06-18 12:16:29.784871,2026-06-18 12:16:29.784871
57,5,Desserts,57,Active,2026-06-18 12:16:29.784871,2026-06-18 12:16:29.784871
58,5,Beverages,58,Active,2026-06-18 12:16:29.784871,2026-06-18 12:16:29.784871
59,5,Kids Menu,59,Active,2026-06-18 12:16:29.784871,2026-06-18 12:16:29.784871
60,5,Combos,60,Active,2026-06-18 12:16:29.784871,2026-06-18 12:16:29.784871
61,6,Starters,61,Active,2026-06-18 12:16:29.784871,2026-06-18 12:16:29.784871
62,6,Soups,62,Active,2026-06-18 12:16:29.784871,2026-06-18 12:16:29.784871
63,6,Salads,63,Active,2026-06-18 12:16:29.784871,2026-06-18 12:16:29.784871
64,6,Main Course,64,Active,2026-06-18 12:16:29.784871,2026-06-18 12:16:29.784871
65,6,Rice,65,Active,2026-06-18 12:16:29.784871,2026-06-18 12:16:29.784871
66,6,Noodles,66,Active,2026-06-18 12:16:29.784871,2026-06-18 12:16:29.784871
67,6,Pizza,67,Active,2026-06-18 12:16:29.784871,2026-06-18 12:16:29.784871
68,6,Burgers,68,Active,2026-06-18 12:16:29.784871,2026-06-18 12:16:29.784871
69,6,Desserts,69,Active,2026-06-18 12:16:29.784871,2026-06-18 12:16:29.784871
70,6,Beverages,70,Active,2026-06-18 12:16:29.784871,2026-06-18 12:16:29.784871
71,6,Kids Menu,71,Active,2026-06-18 12:16:29.784871,2026-06-18 12:16:29.784871
72,6,Combos,72,Active,2026-06-18 12:16:29.784871,2026-06-18 12:16:29.784871
73,7,Starters,73,Active,2026-06-18 12:16:29.784871,2026-06-18 12:16:29.784871
74,7,Soups,74,Active,2026-06-18 12:16:29.784871,2026-06-18 12:16:29.784871
75,7,Salads,75,Active,2026-06-18 12:16:29.784871,2026-06-18 12:16:29.784871
76,7,Main Course,76,Active,2026-06-18 12:16:29.784871,2026-06-18 12:16:29.784871
77,7,Rice,77,Active,2026-06-18 12:16:29.784871,2026-06-18 12:16:29.784871
78,7,Noodles,78,Active,2026-06-18 12:16:29.784871,2026-06-18 12:16:29.784871
79,7,Pizza,79,Active,2026-06-18 12:16:29.784871,2026-06-18 12:16:29.784871
80,7,Burgers,80,Active,2026-06-18 12:16:29.784871,2026-06-18 12:16:29.784871
81,7,Desserts,81,Active,2026-06-18 12:16:29.784871,2026-06-18 12:16:29.784871
82,7,Beverages,82,Active,2026-06-18 12:16:29.784871,2026-06-18 12:16:29.784871
83,7,Kids Menu,83,Active,2026-06-18 12:16:29.784871,2026-06-18 12:16:29.784871
84,7,Combos,84,Active,2026-06-18 12:16:29.784871,2026-06-18 12:16:29.784871
85,8,Starters,85,Active,2026-06-18 12:16:29.784871,2026-06-18 12:16:29.784871
86,8,Soups,86,Active,2026-06-18 12:16:29.784871,2026-06-18 12:16:29.784871
87,8,Salads,87,Active,2026-06-18 12:16:29.784871,2026-06-18 12:16:29.784871
88,8,Main Course,88,Active,2026-06-18 12:16:29.784871,2026-06-18 12:16:29.784871
89,8,Rice,89,Active,2026-06-18 12:16:29.784871,2026-06-18 12:16:29.784871
90,8,Noodles,90,Active,2026-06-18 12:16:29.784871,2026-06-18 12:16:29.784871
91,8,Pizza,91,Active,2026-06-18 12:16:29.784871,2026-06-18 12:16:29.784871
92,8,Burgers,92,Active,2026-06-18 12:16:29.784871,2026-06-18 12:16:29.784871
93,8,Desserts,93,Active,2026-06-18 12:16:29.784871,2026-06-18 12:16:29.784871
94,8,Beverages,94,Active,2026-06-18 12:16:29.784871,2026-06-18 12:16:29.784871
95,8,Kids Menu,95,Active,2026-06-18 12:16:29.784871,2026-06-18 12:16:29.784871
96,8,Combos,96,Active,2026-06-18 12:16:29.784871,2026-06-18 12:16:29.784871
97,9,Starters,97,Active,2026-06-18 12:16:29.784871,2026-06-18 12:16:29.784871
98,9,Soups,98,Active,2026-06-18 12:16:29.784871,2026-06-18 12:16:29.784871
99,9,Salads,99,Active,2026-06-18 12:16:29.784871,2026-06-18 12:16:29.784871
100,9,Main Course,100,Active,2026-06-18 12:16:29.784871,2026-06-18 12:16:29.784871
101,9,Rice,101,Active,2026-06-18 12:16:29.784871,2026-06-18 12:16:29.784871
102,9,Noodles,102,Active,2026-06-18 12:16:29.784871,2026-06-18 12:16:29.784871
103,9,Pizza,103,Active,2026-06-18 12:16:29.784871,2026-06-18 12:16:29.784871
104,9,Burgers,104,Active,2026-06-18 12:16:29.784871,2026-06-18 12:16:29.784871
105,9,Desserts,105,Active,2026-06-18 12:16:29.784871,2026-06-18 12:16:29.784871
106,9,Beverages,106,Active,2026-06-18 12:16:29.784871,2026-06-18 12:16:29.784871
107,9,Kids Menu,107,Active,2026-06-18 12:16:29.784871,2026-06-18 12:16:29.784871
108,9,Combos,108,Active,2026-06-18 12:16:29.784871,2026-06-18 12:16:29.784871
109,10,Starters,109,Active,2026-06-18 12:16:29.784871,2026-06-18 12:16:29.784871
110,10,Soups,110,Active,2026-06-18 12:16:29.784871,2026-06-18 12:16:29.784871
111,10,Salads,111,Active,2026-06-18 12:16:29.784871,2026-06-18 12:16:29.784871
112,10,Main Course,112,Active,2026-06-18 12:16:29.784871,2026-06-18 12:16:29.784871
113,10,Rice,113,Active,2026-06-18 12:16:29.784871,2026-06-18 12:16:29.784871
114,10,Noodles,114,Active,2026-06-18 12:16:29.784871,2026-06-18 12:16:29.784871
115,10,Pizza,115,Active,2026-06-18 12:16:29.784871,2026-06-18 12:16:29.784871
116,10,Burgers,116,Active,2026-06-18 12:16:29.784871,2026-06-18 12:16:29.784871
117,10,Desserts,117,Active,2026-06-18 12:16:29.784871,2026-06-18 12:16:29.784871
118,10,Beverages,118,Active,2026-06-18 12:16:29.784871,2026-06-18 12:16:29.784871
119,10,Kids Menu,119,Active,2026-06-18 12:16:29.784871,2026-06-18 12:16:29.784871
120,10,Combos,120,Active,2026-06-18 12:16:29.784871,2026-06-18 12:16:29.784871
121,11,Starters,121,Active,2026-06-18 12:16:29.784871,2026-06-18 12:16:29.784871
122,11,Soups,122,Active,2026-06-18 12:16:29.784871,2026-06-18 12:16:29.784871
123,11,Salads,123,Active,2026-06-18 12:16:29.784871,2026-06-18 12:16:29.784871
124,11,Main Course,124,Active,2026-06-18 12:16:29.784871,2026-06-18 12:16:29.784871
125,11,Rice,125,Active,2026-06-18 12:16:29.784871,2026-06-18 12:16:29.784871
126,11,Noodles,126,Active,2026-06-18 12:16:29.784871,2026-06-18 12:16:29.784871
127,11,Pizza,127,Active,2026-06-18 12:16:29.784871,2026-06-18 12:16:29.784871
128,11,Burgers,128,Active,2026-06-18 12:16:29.784871,2026-06-18 12:16:29.784871
129,11,Desserts,129,Active,2026-06-18 12:16:29.784871,2026-06-18 12:16:29.784871
130,11,Beverages,130,Active,2026-06-18 12:16:29.784871,2026-06-18 12:16:29.784871
131,11,Kids Menu,131,Active,2026-06-18 12:16:29.784871,2026-06-18 12:16:29.784871
132,11,Combos,132,Active,2026-06-18 12:16:29.784871,2026-06-18 12:16:29.784871
133,12,Starters,133,Active,2026-06-18 12:16:29.784871,2026-06-18 12:16:29.784871
134,12,Soups,134,Active,2026-06-18 12:16:29.784871,2026-06-18 12:16:29.784871
135,12,Salads,135,Active,2026-06-18 12:16:29.784871,2026-06-18 12:16:29.784871
136,12,Main Course,136,Active,2026-06-18 12:16:29.784871,2026-06-18 12:16:29.784871
137,12,Rice,137,Active,2026-06-18 12:16:29.784871,2026-06-18 12:16:29.784871
138,12,Noodles,138,Active,2026-06-18 12:16:29.784871,2026-06-18 12:16:29.784871
139,12,Pizza,139,Active,2026-06-18 12:16:29.784871,2026-06-18 12:16:29.784871
140,12,Burgers,140,Active,2026-06-18 12:16:29.784871,2026-06-18 12:16:29.784871
141,12,Desserts,141,Active,2026-06-18 12:16:29.784871,2026-06-18 12:16:29.784871
142,12,Beverages,142,Active,2026-06-18 12:16:29.784871,2026-06-18 12:16:29.784871
143,12,Kids Menu,143,Active,2026-06-18 12:16:29.784871,2026-06-18 12:16:29.784871
144,12,Combos,144,Active,2026-06-18 12:16:29.784871,2026-06-18 12:16:29.784871
145,13,Starters,145,Active,2026-06-18 12:16:29.784871,2026-06-18 12:16:29.784871
146,13,Soups,146,Active,2026-06-18 12:16:29.784871,2026-06-18 12:16:29.784871
147,13,Salads,147,Active,2026-06-18 12:16:29.784871,2026-06-18 12:16:29.784871
148,13,Main Course,148,Active,2026-06-18 12:16:29.784871,2026-06-18 12:16:29.784871
149,13,Rice,149,Active,2026-06-18 12:16:29.784871,2026-06-18 12:16:29.784871
150,13,Noodles,150,Active,2026-06-18 12:16:29.784871,2026-06-18 12:16:29.784871
151,13,Pizza,151,Active,2026-06-18 12:16:29.784871,2026-06-18 12:16:29.784871
152,13,Burgers,152,Active,2026-06-18 12:16:29.784871,2026-06-18 12:16:29.784871
153,13,Desserts,153,Active,2026-06-18 12:16:29.784871,2026-06-18 12:16:29.784871
154,13,Beverages,154,Active,2026-06-18 12:16:29.784871,2026-06-18 12:16:29.784871
155,13,Kids Menu,155,Active,2026-06-18 12:16:29.784871,2026-06-18 12:16:29.784871
156,13,Combos,156,Active,2026-06-18 12:16:29.784871,2026-06-18 12:16:29.784871
157,14,Starters,157,Active,2026-06-18 12:16:29.784871,2026-06-18 12:16:29.784871
158,14,Soups,158,Active,2026-06-18 12:16:29.784871,2026-06-18 12:16:29.784871
159,14,Salads,159,Active,2026-06-18 12:16:29.784871,2026-06-18 12:16:29.784871
160,14,Main Course,160,Active,2026-06-18 12:16:29.784871,2026-06-18 12:16:29.784871
161,14,Rice,161,Active,2026-06-18 12:16:29.784871,2026-06-18 12:16:29.784871
162,14,Noodles,162,Active,2026-06-18 12:16:29.784871,2026-06-18 12:16:29.784871
163,14,Pizza,163,Active,2026-06-18 12:16:29.784871,2026-06-18 12:16:29.784871
164,14,Burgers,164,Active,2026-06-18 12:16:29.784871,2026-06-18 12:16:29.784871
165,14,Desserts,165,Active,2026-06-18 12:16:29.784871,2026-06-18 12:16:29.784871
166,14,Beverages,166,Active,2026-06-18 12:16:29.784871,2026-06-18 12:16:29.784871
167,14,Kids Menu,167,Active,2026-06-18 12:16:29.784871,2026-06-18 12:16:29.784871
168,14,Combos,168,Active,2026-06-18 12:16:29.784871,2026-06-18 12:16:29.784871
169,15,Starters,169,Active,2026-06-18 12:16:29.784871,2026-06-18 12:16:29.784871
170,15,Soups,170,Active,2026-06-18 12:16:29.784871,2026-06-18 12:16:29.784871
171,15,Salads,171,Active,2026-06-18 12:16:29.784871,2026-06-18 12:16:29.784871
172,15,Main Course,172,Active,2026-06-18 12:16:29.784871,2026-06-18 12:16:29.784871
173,15,Rice,173,Active,2026-06-18 12:16:29.784871,2026-06-18 12:16:29.784871
174,15,Noodles,174,Active,2026-06-18 12:16:29.784871,2026-06-18 12:16:29.784871
175,15,Pizza,175,Active,2026-06-18 12:16:29.784871,2026-06-18 12:16:29.784871
176,15,Burgers,176,Active,2026-06-18 12:16:29.784871,2026-06-18 12:16:29.784871
177,15,Desserts,177,Active,2026-06-18 12:16:29.784871,2026-06-18 12:16:29.784871
178,15,Beverages,178,Active,2026-06-18 12:16:29.784871,2026-06-18 12:16:29.784871
179,15,Kids Menu,179,Active,2026-06-18 12:16:29.784871,2026-06-18 12:16:29.784871
180,15,Combos,180,Active,2026-06-18 12:16:29.784871,2026-06-18 12:16:29.784871
181,16,Starters,181,Active,2026-06-18 12:16:29.784871,2026-06-18 12:16:29.784871
182,16,Soups,182,Active,2026-06-18 12:16:29.784871,2026-06-18 12:16:29.784871
183,16,Salads,183,Active,2026-06-18 12:16:29.784871,2026-06-18 12:16:29.784871
184,16,Main Course,184,Active,2026-06-18 12:16:29.784871,2026-06-18 12:16:29.784871
185,16,Rice,185,Active,2026-06-18 12:16:29.784871,2026-06-18 12:16:29.784871
186,16,Noodles,186,Active,2026-06-18 12:16:29.784871,2026-06-18 12:16:29.784871
187,16,Pizza,187,Active,2026-06-18 12:16:29.784871,2026-06-18 12:16:29.784871
188,16,Burgers,188,Active,2026-06-18 12:16:29.784871,2026-06-18 12:16:29.784871
189,16,Desserts,189,Active,2026-06-18 12:16:29.784871,2026-06-18 12:16:29.784871
190,16,Beverages,190,Active,2026-06-18 12:16:29.784871,2026-06-18 12:16:29.784871
191,16,Kids Menu,191,Active,2026-06-18 12:16:29.784871,2026-06-18 12:16:29.784871
192,16,Combos,192,Active,2026-06-18 12:16:29.784871,2026-06-18 12:16:29.784871
193,17,Starters,193,Active,2026-06-18 12:16:29.784871,2026-06-18 12:16:29.784871
194,17,Soups,194,Active,2026-06-18 12:16:29.784871,2026-06-18 12:16:29.784871
195,17,Salads,195,Active,2026-06-18 12:16:29.784871,2026-06-18 12:16:29.784871
196,17,Main Course,196,Active,2026-06-18 12:16:29.784871,2026-06-18 12:16:29.784871
197,17,Rice,197,Active,2026-06-18 12:16:29.784871,2026-06-18 12:16:29.784871
198,17,Noodles,198,Active,2026-06-18 12:16:29.784871,2026-06-18 12:16:29.784871
199,17,Pizza,199,Active,2026-06-18 12:16:29.784871,2026-06-18 12:16:29.784871
200,17,Burgers,200,Active,2026-06-18 12:16:29.784871,2026-06-18 12:16:29.784871
201,17,Desserts,201,Active,2026-06-18 12:16:29.784871,2026-06-18 12:16:29.784871
202,17,Beverages,202,Active,2026-06-18 12:16:29.784871,2026-06-18 12:16:29.784871
203,17,Kids Menu,203,Active,2026-06-18 12:16:29.784871,2026-06-18 12:16:29.784871
204,17,Combos,204,Active,2026-06-18 12:16:29.784871,2026-06-18 12:16:29.784871
205,18,Starters,205,Active,2026-06-18 12:16:29.784871,2026-06-18 12:16:29.784871
206,18,Soups,206,Active,2026-06-18 12:16:29.784871,2026-06-18 12:16:29.784871
207,18,Salads,207,Active,2026-06-18 12:16:29.784871,2026-06-18 12:16:29.784871
208,18,Main Course,208,Active,2026-06-18 12:16:29.784871,2026-06-18 12:16:29.784871
209,18,Rice,209,Active,2026-06-18 12:16:29.784871,2026-06-18 12:16:29.784871
210,18,Noodles,210,Active,2026-06-18 12:16:29.784871,2026-06-18 12:16:29.784871
211,18,Pizza,211,Active,2026-06-18 12:16:29.784871,2026-06-18 12:16:29.784871
212,18,Burgers,212,Active,2026-06-18 12:16:29.784871,2026-06-18 12:16:29.784871
213,18,Desserts,213,Active,2026-06-18 12:16:29.784871,2026-06-18 12:16:29.784871
214,18,Beverages,214,Active,2026-06-18 12:16:29.784871,2026-06-18 12:16:29.784871
215,18,Kids Menu,215,Active,2026-06-18 12:16:29.784871,2026-06-18 12:16:29.784871
216,18,Combos,216,Active,2026-06-18 12:16:29.784871,2026-06-18 12:16:29.784871
217,19,Starters,217,Active,2026-06-18 12:16:29.784871,2026-06-18 12:16:29.784871
218,19,Soups,218,Active,2026-06-18 12:16:29.784871,2026-06-18 12:16:29.784871
219,19,Salads,219,Active,2026-06-18 12:16:29.784871,2026-06-18 12:16:29.784871
220,19,Main Course,220,Active,2026-06-18 12:16:29.784871,2026-06-18 12:16:29.784871
221,19,Rice,221,Active,2026-06-18 12:16:29.784871,2026-06-18 12:16:29.784871
222,19,Noodles,222,Active,2026-06-18 12:16:29.784871,2026-06-18 12:16:29.784871
223,19,Pizza,223,Active,2026-06-18 12:16:29.784871,2026-06-18 12:16:29.784871
224,19,Burgers,224,Active,2026-06-18 12:16:29.784871,2026-06-18 12:16:29.784871
225,19,Desserts,225,Active,2026-06-18 12:16:29.784871,2026-06-18 12:16:29.784871
226,19,Beverages,226,Active,2026-06-18 12:16:29.784871,2026-06-18 12:16:29.784871
227,19,Kids Menu,227,Active,2026-06-18 12:16:29.784871,2026-06-18 12:16:29.784871
228,19,Combos,228,Active,2026-06-18 12:16:29.784871,2026-06-18 12:16:29.784871
229,20,Starters,229,Active,2026-06-18 12:16:29.784871,2026-06-18 12:16:29.784871
230,20,Soups,230,Active,2026-06-18 12:16:29.784871,2026-06-18 12:16:29.784871
231,20,Salads,231,Active,2026-06-18 12:16:29.784871,2026-06-18 12:16:29.784871
232,20,Main Course,232,Active,2026-06-18 12:16:29.784871,2026-06-18 12:16:29.784871
233,20,Rice,233,Active,2026-06-18 12:16:29.784871,2026-06-18 12:16:29.784871
234,20,Noodles,234,Active,2026-06-18 12:16:29.784871,2026-06-18 12:16:29.784871
235,20,Pizza,235,Active,2026-06-18 12:16:29.784871,2026-06-18 12:16:29.784871
236,20,Burgers,236,Active,2026-06-18 12:16:29.784871,2026-06-18 12:16:29.784871
237,20,Desserts,237,Active,2026-06-18 12:16:29.784871,2026-06-18 12:16:29.784871
238,20,Beverages,238,Active,2026-06-18 12:16:29.784871,2026-06-18 12:16:29.784871
239,20,Kids Menu,239,Active,2026-06-18 12:16:29.784871,2026-06-18 12:16:29.784871
240,20,Combos,240,Active,2026-06-18 12:16:29.784871,2026-06-18 12:16:29.784871
241,21,Starters,241,Active,2026-06-18 12:16:29.784871,2026-06-18 12:16:29.784871
242,21,Soups,242,Active,2026-06-18 12:16:29.784871,2026-06-18 12:16:29.784871
243,21,Salads,243,Active,2026-06-18 12:16:29.784871,2026-06-18 12:16:29.784871
244,21,Main Course,244,Active,2026-06-18 12:16:29.784871,2026-06-18 12:16:29.784871
245,21,Rice,245,Active,2026-06-18 12:16:29.784871,2026-06-18 12:16:29.784871
246,21,Noodles,246,Active,2026-06-18 12:16:29.784871,2026-06-18 12:16:29.784871
247,21,Pizza,247,Active,2026-06-18 12:16:29.784871,2026-06-18 12:16:29.784871
248,21,Burgers,248,Active,2026-06-18 12:16:29.784871,2026-06-18 12:16:29.784871
249,21,Desserts,249,Active,2026-06-18 12:16:29.784871,2026-06-18 12:16:29.784871
250,21,Beverages,250,Active,2026-06-18 12:16:29.784871,2026-06-18 12:16:29.784871
251,21,Kids Menu,251,Active,2026-06-18 12:16:29.784871,2026-06-18 12:16:29.784871
252,21,Combos,252,Active,2026-06-18 12:16:29.784871,2026-06-18 12:16:29.784871
253,22,Starters,253,Active,2026-06-18 12:16:29.784871,2026-06-18 12:16:29.784871
254,22,Soups,254,Active,2026-06-18 12:16:29.784871,2026-06-18 12:16:29.784871
255,22,Salads,255,Active,2026-06-18 12:16:29.784871,2026-06-18 12:16:29.784871
256,22,Main Course,256,Active,2026-06-18 12:16:29.784871,2026-06-18 12:16:29.784871
257,22,Rice,257,Active,2026-06-18 12:16:29.784871,2026-06-18 12:16:29.784871
258,22,Noodles,258,Active,2026-06-18 12:16:29.784871,2026-06-18 12:16:29.784871
259,22,Pizza,259,Active,2026-06-18 12:16:29.786877,2026-06-18 12:16:29.786877
260,22,Burgers,260,Active,2026-06-18 12:16:29.786877,2026-06-18 12:16:29.786877
261,22,Desserts,261,Active,2026-06-18 12:16:29.786877,2026-06-18 12:16:29.786877
262,22,Beverages,262,Active,2026-06-18 12:16:29.786877,2026-06-18 12:16:29.786877
263,22,Kids Menu,263,Active,2026-06-18 12:16:29.786877,2026-06-18 12:16:29.786877
264,22,Combos,264,Active,2026-06-18 12:16:29.786877,2026-06-18 12:16:29.786877
265,23,Starters,265,Active,2026-06-18 12:16:29.786877,2026-06-18 12:16:29.786877
266,23,Soups,266,Active,2026-06-18 12:16:29.786877,2026-06-18 12:16:29.786877
267,23,Salads,267,Active,2026-06-18 12:16:29.786877,2026-06-18 12:16:29.786877
268,23,Main Course,268,Active,2026-06-18 12:16:29.786877,2026-06-18 12:16:29.786877
269,23,Rice,269,Active,2026-06-18 12:16:29.786877,2026-06-18 12:16:29.786877
270,23,Noodles,270,Active,2026-06-18 12:16:29.786877,2026-06-18 12:16:29.786877
271,23,Pizza,271,Active,2026-06-18 12:16:29.786877,2026-06-18 12:16:29.786877
272,23,Burgers,272,Active,2026-06-18 12:16:29.786877,2026-06-18 12:16:29.786877
273,23,Desserts,273,Active,2026-06-18 12:16:29.786877,2026-06-18 12:16:29.786877
274,23,Beverages,274,Active,2026-06-18 12:16:29.786877,2026-06-18 12:16:29.786877
275,23,Kids Menu,275,Active,2026-06-18 12:16:29.786877,2026-06-18 12:16:29.786877
276,23,Combos,276,Active,2026-06-18 12:16:29.786877,2026-06-18 12:16:29.786877
277,24,Starters,277,Active,2026-06-18 12:16:29.786877,2026-06-18 12:16:29.786877
278,24,Soups,278,Active,2026-06-18 12:16:29.786877,2026-06-18 12:16:29.786877
279,24,Salads,279,Active,2026-06-18 12:16:29.786877,2026-06-18 12:16:29.786877
280,24,Main Course,280,Active,2026-06-18 12:16:29.786877,2026-06-18 12:16:29.786877
281,24,Rice,281,Active,2026-06-18 12:16:29.786877,2026-06-18 12:16:29.786877
282,24,Noodles,282,Active,2026-06-18 12:16:29.786877,2026-06-18 12:16:29.786877
283,24,Pizza,283,Active,2026-06-18 12:16:29.786877,2026-06-18 12:16:29.786877
284,24,Burgers,284,Active,2026-06-18 12:16:29.786877,2026-06-18 12:16:29.786877
285,24,Desserts,285,Active,2026-06-18 12:16:29.786877,2026-06-18 12:16:29.786877
286,24,Beverages,286,Active,2026-06-18 12:16:29.786877,2026-06-18 12:16:29.786877
287,24,Kids Menu,287,Active,2026-06-18 12:16:29.786877,2026-06-18 12:16:29.786877
288,24,Combos,288,Active,2026-06-18 12:16:29.786877,2026-06-18 12:16:29.786877
289,25,Starters,289,Active,2026-06-18 12:16:29.786877,2026-06-18 12:16:29.786877
290,25,Soups,290,Active,2026-06-18 12:16:29.786877,2026-06-18 12:16:29.786877
291,25,Salads,291,Active,2026-06-18 12:16:29.786877,2026-06-18 12:16:29.786877
292,25,Main Course,292,Active,2026-06-18 12:16:29.786877,2026-06-18 12:16:29.786877
293,25,Rice,293,Active,2026-06-18 12:16:29.786877,2026-06-18 12:16:29.786877
294,25,Noodles,294,Active,2026-06-18 12:16:29.786877,2026-06-18 12:16:29.786877
295,25,Pizza,295,Active,2026-06-18 12:16:29.786877,2026-06-18 12:16:29.786877
296,25,Burgers,296,Active,2026-06-18 12:16:29.786877,2026-06-18 12:16:29.786877
297,25,Desserts,297,Active,2026-06-18 12:16:29.786877,2026-06-18 12:16:29.786877
298,25,Beverages,298,Active,2026-06-18 12:16:29.786877,2026-06-18 12:16:29.786877
299,25,Kids Menu,299,Active,2026-06-18 12:16:29.786877,2026-06-18 12:16:29.786877
300,25,Combos,300,Active,2026-06-18 12:16:29.786877,2026-06-18 12:16:29.786877
301,26,Starters,301,Active,2026-06-18 12:16:29.786877,2026-06-18 12:16:29.786877
302,26,Soups,302,Active,2026-06-18 12:16:29.786877,2026-06-18 12:16:29.786877
303,26,Salads,303,Active,2026-06-18 12:16:29.786877,2026-06-18 12:16:29.786877
304,26,Main Course,304,Active,2026-06-18 12:16:29.786877,2026-06-18 12:16:29.786877
305,26,Rice,305,Active,2026-06-18 12:16:29.786877,2026-06-18 12:16:29.786877
306,26,Noodles,306,Active,2026-06-18 12:16:29.786877,2026-06-18 12:16:29.786877
307,26,Pizza,307,Active,2026-06-18 12:16:29.786877,2026-06-18 12:16:29.786877
308,26,Burgers,308,Active,2026-06-18 12:16:29.786877,2026-06-18 12:16:29.786877
309,26,Desserts,309,Active,2026-06-18 12:16:29.786877,2026-06-18 12:16:29.786877
310,26,Beverages,310,Active,2026-06-18 12:16:29.786877,2026-06-18 12:16:29.786877
311,26,Kids Menu,311,Active,2026-06-18 12:16:29.786877,2026-06-18 12:16:29.786877
312,26,Combos,312,Active,2026-06-18 12:16:29.786877,2026-06-18 12:16:29.786877
313,27,Starters,313,Active,2026-06-18 12:16:29.786877,2026-06-18 12:16:29.786877
314,27,Soups,314,Active,2026-06-18 12:16:29.786877,2026-06-18 12:16:29.786877
315,27,Salads,315,Active,2026-06-18 12:16:29.786877,2026-06-18 12:16:29.786877
316,27,Main Course,316,Active,2026-06-18 12:16:29.786877,2026-06-18 12:16:29.786877
317,27,Rice,317,Active,2026-06-18 12:16:29.786877,2026-06-18 12:16:29.786877
318,27,Noodles,318,Active,2026-06-18 12:16:29.786877,2026-06-18 12:16:29.786877
319,27,Pizza,319,Active,2026-06-18 12:16:29.786877,2026-06-18 12:16:29.786877
320,27,Burgers,320,Active,2026-06-18 12:16:29.786877,2026-06-18 12:16:29.786877
321,27,Desserts,321,Active,2026-06-18 12:16:29.786877,2026-06-18 12:16:29.786877
322,27,Beverages,322,Active,2026-06-18 12:16:29.786877,2026-06-18 12:16:29.786877
323,27,Kids Menu,323,Active,2026-06-18 12:16:29.786877,2026-06-18 12:16:29.786877
324,27,Combos,324,Active,2026-06-18 12:16:29.786877,2026-06-18 12:16:29.786877
325,28,Starters,325,Active,2026-06-18 12:16:29.786877,2026-06-18 12:16:29.786877
326,28,Soups,326,Active,2026-06-18 12:16:29.786877,2026-06-18 12:16:29.786877
327,28,Salads,327,Active,2026-06-18 12:16:29.786877,2026-06-18 12:16:29.786877
328,28,Main Course,328,Active,2026-06-18 12:16:29.786877,2026-06-18 12:16:29.786877
329,28,Rice,329,Active,2026-06-18 12:16:29.786877,2026-06-18 12:16:29.786877
330,28,Noodles,330,Active,2026-06-18 12:16:29.786877,2026-06-18 12:16:29.786877
331,28,Pizza,331,Active,2026-06-18 12:16:29.786877,2026-06-18 12:16:29.786877
332,28,Burgers,332,Active,2026-06-18 12:16:29.786877,2026-06-18 12:16:29.786877
333,28,Desserts,333,Active,2026-06-18 12:16:29.786877,2026-06-18 12:16:29.786877
334,28,Beverages,334,Active,2026-06-18 12:16:29.786877,2026-06-18 12:16:29.786877
335,28,Kids Menu,335,Active,2026-06-18 12:16:29.786877,2026-06-18 12:16:29.786877
336,28,Combos,336,Active,2026-06-18 12:16:29.786877,2026-06-18 12:16:29.786877
337,29,Starters,337,Active,2026-06-18 12:16:29.786877,2026-06-18 12:16:29.786877
338,29,Soups,338,Active,2026-06-18 12:16:29.786877,2026-06-18 12:16:29.786877
339,29,Salads,339,Active,2026-06-18 12:16:29.786877,2026-06-18 12:16:29.786877
340,29,Main Course,340,Active,2026-06-18 12:16:29.786877,2026-06-18 12:16:29.786877
341,29,Rice,341,Active,2026-06-18 12:16:29.786877,2026-06-18 12:16:29.786877
342,29,Noodles,342,Active,2026-06-18 12:16:29.786877,2026-06-18 12:16:29.786877
343,29,Pizza,343,Active,2026-06-18 12:16:29.786877,2026-06-18 12:16:29.786877
344,29,Burgers,344,Active,2026-06-18 12:16:29.786877,2026-06-18 12:16:29.786877
345,29,Desserts,345,Active,2026-06-18 12:16:29.786877,2026-06-18 12:16:29.786877
346,29,Beverages,346,Active,2026-06-18 12:16:29.786877,2026-06-18 12:16:29.786877
347,29,Kids Menu,347,Active,2026-06-18 12:16:29.786877,2026-06-18 12:16:29.786877
348,29,Combos,348,Active,2026-06-18 12:16:29.786877,2026-06-18 12:16:29.786877
349,30,Starters,349,Active,2026-06-18 12:16:29.786877,2026-06-18 12:16:29.786877
350,30,Soups,350,Active,2026-06-18 12:16:29.786877,2026-06-18 12:16:29.786877
351,30,Salads,351,Active,2026-06-18 12:16:29.786877,2026-06-18 12:16:29.786877
352,30,Main Course,352,Active,2026-06-18 12:16:29.786877,2026-06-18 12:16:29.786877
353,30,Rice,353,Active,2026-06-18 12:16:29.786877,2026-06-18 12:16:29.786877
354,30,Noodles,354,Active,2026-06-18 12:16:29.786877,2026-06-18 12:16:29.786877
355,30,Pizza,355,Active,2026-06-18 12:16:29.786877,2026-06-18 12:16:29.786877
356,30,Burgers,356,Active,2026-06-18 12:16:29.786877,2026-06-18 12:16:29.786877
357,30,Desserts,357,Active,2026-06-18 12:16:29.786877,2026-06-18 12:16:29.786877
358,30,Beverages,358,Active,2026-06-18 12:16:29.786877,2026-06-18 12:16:29.786877
359,30,Kids Menu,359,Active,2026-06-18 12:16:29.786877,2026-06-18 12:16:29.786877
360,30,Combos,360,Active,2026-06-18 12:16:29.786877,2026-06-18 12:16:29.786877
361,31,Starters,361,Active,2026-06-18 12:16:29.786877,2026-06-18 12:16:29.786877
362,31,Soups,362,Active,2026-06-18 12:16:29.786877,2026-06-18 12:16:29.786877
363,31,Salads,363,Active,2026-06-18 12:16:29.786877,2026-06-18 12:16:29.786877
364,31,Main Course,364,Active,2026-06-18 12:16:29.786877,2026-06-18 12:16:29.786877
365,31,Rice,365,Active,2026-06-18 12:16:29.786877,2026-06-18 12:16:29.786877
366,31,Noodles,366,Active,2026-06-18 12:16:29.786877,2026-06-18 12:16:29.786877
367,31,Pizza,367,Active,2026-06-18 12:16:29.786877,2026-06-18 12:16:29.786877
368,31,Burgers,368,Active,2026-06-18 12:16:29.786877,2026-06-18 12:16:29.786877
369,31,Desserts,369,Active,2026-06-18 12:16:29.786877,2026-06-18 12:16:29.786877
370,31,Beverages,370,Active,2026-06-18 12:16:29.786877,2026-06-18 12:16:29.786877
371,31,Kids Menu,371,Active,2026-06-18 12:16:29.786877,2026-06-18 12:16:29.786877
372,31,Combos,372,Active,2026-06-18 12:16:29.786877,2026-06-18 12:16:29.786877
373,32,Starters,373,Active,2026-06-18 12:16:29.786877,2026-06-18 12:16:29.786877
374,32,Soups,374,Active,2026-06-18 12:16:29.786877,2026-06-18 12:16:29.786877
375,32,Salads,375,Active,2026-06-18 12:16:29.786877,2026-06-18 12:16:29.786877
376,32,Main Course,376,Active,2026-06-18 12:16:29.786877,2026-06-18 12:16:29.786877
377,32,Rice,377,Active,2026-06-18 12:16:29.786877,2026-06-18 12:16:29.786877
378,32,Noodles,378,Active,2026-06-18 12:16:29.786877,2026-06-18 12:16:29.786877
379,32,Pizza,379,Active,2026-06-18 12:16:29.786877,2026-06-18 12:16:29.786877
380,32,Burgers,380,Active,2026-06-18 12:16:29.786877,2026-06-18 12:16:29.786877
381,32,Desserts,381,Active,2026-06-18 12:16:29.786877,2026-06-18 12:16:29.786877
382,32,Beverages,382,Active,2026-06-18 12:16:29.786877,2026-06-18 12:16:29.786877
383,32,Kids Menu,383,Active,2026-06-18 12:16:29.786877,2026-06-18 12:16:29.786877
384,32,Combos,384,Active,2026-06-18 12:16:29.786877,2026-06-18 12:16:29.786877
385,33,Starters,385,Active,2026-06-18 12:16:29.786877,2026-06-18 12:16:29.786877
386,33,Soups,386,Active,2026-06-18 12:16:29.786877,2026-06-18 12:16:29.786877
387,33,Salads,387,Active,2026-06-18 12:16:29.786877,2026-06-18 12:16:29.786877
388,33,Main Course,388,Active,2026-06-18 12:16:29.786877,2026-06-18 12:16:29.786877
389,33,Rice,389,Active,2026-06-18 12:16:29.786877,2026-06-18 12:16:29.786877
390,33,Noodles,390,Active,2026-06-18 12:16:29.786877,2026-06-18 12:16:29.786877
391,33,Pizza,391,Active,2026-06-18 12:16:29.786877,2026-06-18 12:16:29.786877
392,33,Burgers,392,Active,2026-06-18 12:16:29.786877,2026-06-18 12:16:29.786877
393,33,Desserts,393,Active,2026-06-18 12:16:29.786877,2026-06-18 12:16:29.786877
394,33,Beverages,394,Active,2026-06-18 12:16:29.786877,2026-06-18 12:16:29.786877
395,33,Kids Menu,395,Active,2026-06-18 12:16:29.786877,2026-06-18 12:16:29.786877
396,33,Combos,396,Active,2026-06-18 12:16:29.786877,2026-06-18 12:16:29.786877
397,34,Starters,397,Active,2026-06-18 12:16:29.786877,2026-06-18 12:16:29.786877
398,34,Soups,398,Active,2026-06-18 12:16:29.786877,2026-06-18 12:16:29.786877
399,34,Salads,399,Active,2026-06-18 12:16:29.786877,2026-06-18 12:16:29.786877
400,34,Main Course,400,Active,2026-06-18 12:16:29.786877,2026-06-18 12:16:29.786877
401,34,Rice,401,Active,2026-06-18 12:16:29.786877,2026-06-18 12:16:29.786877
402,34,Noodles,402,Active,2026-06-18 12:16:29.786877,2026-06-18 12:16:29.786877
403,34,Pizza,403,Active,2026-06-18 12:16:29.786877,2026-06-18 12:16:29.786877
404,34,Burgers,404,Active,2026-06-18 12:16:29.786877,2026-06-18 12:16:29.786877
405,34,Desserts,405,Active,2026-06-18 12:16:29.786877,2026-06-18 12:16:29.786877
406,34,Beverages,406,Active,2026-06-18 12:16:29.786877,2026-06-18 12:16:29.786877
407,34,Kids Menu,407,Active,2026-06-18 12:16:29.786877,2026-06-18 12:16:29.786877
408,34,Combos,408,Active,2026-06-18 12:16:29.786877,2026-06-18 12:16:29.786877
409,35,Starters,409,Active,2026-06-18 12:16:29.786877,2026-06-18 12:16:29.786877
410,35,Soups,410,Active,2026-06-18 12:16:29.786877,2026-06-18 12:16:29.786877
411,35,Salads,411,Active,2026-06-18 12:16:29.786877,2026-06-18 12:16:29.786877
412,35,Main Course,412,Active,2026-06-18 12:16:29.786877,2026-06-18 12:16:29.786877
413,35,Rice,413,Active,2026-06-18 12:16:29.786877,2026-06-18 12:16:29.786877
414,35,Noodles,414,Active,2026-06-18 12:16:29.786877,2026-06-18 12:16:29.786877
415,35,Pizza,415,Active,2026-06-18 12:16:29.786877,2026-06-18 12:16:29.786877
416,35,Burgers,416,Active,2026-06-18 12:16:29.786877,2026-06-18 12:16:29.786877
417,35,Desserts,417,Active,2026-06-18 12:16:29.786877,2026-06-18 12:16:29.786877
418,35,Beverages,418,Active,2026-06-18 12:16:29.786877,2026-06-18 12:16:29.786877
419,35,Kids Menu,419,Active,2026-06-18 12:16:29.786877,2026-06-18 12:16:29.786877
420,35,Combos,420,Active,2026-06-18 12:16:29.786877,2026-06-18 12:16:29.786877
421,36,Starters,421,Active,2026-06-18 12:16:29.786877,2026-06-18 12:16:29.786877
422,36,Soups,422,Active,2026-06-18 12:16:29.786877,2026-06-18 12:16:29.786877
423,36,Salads,423,Active,2026-06-18 12:16:29.786877,2026-06-18 12:16:29.786877
424,36,Main Course,424,Active,2026-06-18 12:16:29.786877,2026-06-18 12:16:29.786877
425,36,Rice,425,Active,2026-06-18 12:16:29.786877,2026-06-18 12:16:29.786877
426,36,Noodles,426,Active,2026-06-18 12:16:29.786877,2026-06-18 12:16:29.786877
427,36,Pizza,427,Active,2026-06-18 12:16:29.786877,2026-06-18 12:16:29.786877
428,36,Burgers,428,Active,2026-06-18 12:16:29.786877,2026-06-18 12:16:29.786877
429,36,Desserts,429,Active,2026-06-18 12:16:29.786877,2026-06-18 12:16:29.786877
430,36,Beverages,430,Active,2026-06-18 12:16:29.786877,2026-06-18 12:16:29.786877
431,36,Kids Menu,431,Active,2026-06-18 12:16:29.786877,2026-06-18 12:16:29.786877
432,36,Combos,432,Active,2026-06-18 12:16:29.786877,2026-06-18 12:16:29.786877
433,37,Starters,433,Active,2026-06-18 12:16:29.786877,2026-06-18 12:16:29.786877
434,37,Soups,434,Active,2026-06-18 12:16:29.786877,2026-06-18 12:16:29.786877
435,37,Salads,435,Active,2026-06-18 12:16:29.786877,2026-06-18 12:16:29.786877
436,37,Main Course,436,Active,2026-06-18 12:16:29.786877,2026-06-18 12:16:29.786877
437,37,Rice,437,Active,2026-06-18 12:16:29.786877,2026-06-18 12:16:29.786877
438,37,Noodles,438,Active,2026-06-18 12:16:29.786877,2026-06-18 12:16:29.786877
439,37,Pizza,439,Active,2026-06-18 12:16:29.786877,2026-06-18 12:16:29.786877
440,37,Burgers,440,Active,2026-06-18 12:16:29.786877,2026-06-18 12:16:29.786877
441,37,Desserts,441,Active,2026-06-18 12:16:29.786877,2026-06-18 12:16:29.786877
442,37,Beverages,442,Active,2026-06-18 12:16:29.786877,2026-06-18 12:16:29.786877
443,37,Kids Menu,443,Active,2026-06-18 12:16:29.786877,2026-06-18 12:16:29.786877
444,37,Combos,444,Active,2026-06-18 12:16:29.786877,2026-06-18 12:16:29.786877
445,38,Starters,445,Active,2026-06-18 12:16:29.786877,2026-06-18 12:16:29.786877
446,38,Soups,446,Active,2026-06-18 12:16:29.786877,2026-06-18 12:16:29.786877
447,38,Salads,447,Active,2026-06-18 12:16:29.786877,2026-06-18 12:16:29.786877
448,38,Main Course,448,Active,2026-06-18 12:16:29.786877,2026-06-18 12:16:29.786877
449,38,Rice,449,Active,2026-06-18 12:16:29.786877,2026-06-18 12:16:29.786877
450,38,Noodles,450,Active,2026-06-18 12:16:29.786877,2026-06-18 12:16:29.786877
451,38,Pizza,451,Active,2026-06-18 12:16:29.786877,2026-06-18 12:16:29.786877
452,38,Burgers,452,Active,2026-06-18 12:16:29.786877,2026-06-18 12:16:29.786877
453,38,Desserts,453,Active,2026-06-18 12:16:29.786877,2026-06-18 12:16:29.786877
454,38,Beverages,454,Active,2026-06-18 12:16:29.786877,2026-06-18 12:16:29.786877
455,38,Kids Menu,455,Active,2026-06-18 12:16:29.786877,2026-06-18 12:16:29.786877
456,38,Combos,456,Active,2026-06-18 12:16:29.786877,2026-06-18 12:16:29.786877
457,39,Starters,457,Active,2026-06-18 12:16:29.786877,2026-06-18 12:16:29.786877
458,39,Soups,458,Active,2026-06-18 12:16:29.786877,2026-06-18 12:16:29.786877
459,39,Salads,459,Active,2026-06-18 12:16:29.786877,2026-06-18 12:16:29.786877
460,39,Main Course,460,Active,2026-06-18 12:16:29.786877,2026-06-18 12:16:29.786877
461,39,Rice,461,Active,2026-06-18 12:16:29.786877,2026-06-18 12:16:29.786877
462,39,Noodles,462,Active,2026-06-18 12:16:29.786877,2026-06-18 12:16:29.786877
463,39,Pizza,463,Active,2026-06-18 12:16:29.786877,2026-06-18 12:16:29.786877
464,39,Burgers,464,Active,2026-06-18 12:16:29.786877,2026-06-18 12:16:29.786877
465,39,Desserts,465,Active,2026-06-18 12:16:29.786877,2026-06-18 12:16:29.786877
466,39,Beverages,466,Active,2026-06-18 12:16:29.786877,2026-06-18 12:16:29.786877
467,39,Kids Menu,467,Active,2026-06-18 12:16:29.786877,2026-06-18 12:16:29.786877
468,39,Combos,468,Active,2026-06-18 12:16:29.786877,2026-06-18 12:16:29.786877
469,40,Starters,469,Active,2026-06-18 12:16:29.786877,2026-06-18 12:16:29.786877
470,40,Soups,470,Active,2026-06-18 12:16:29.786877,2026-06-18 12:16:29.786877
471,40,Salads,471,Active,2026-06-18 12:16:29.786877,2026-06-18 12:16:29.786877
472,40,Main Course,472,Active,2026-06-18 12:16:29.786877,2026-06-18 12:16:29.786877
473,40,Rice,473,Active,2026-06-18 12:16:29.786877,2026-06-18 12:16:29.786877
474,40,Noodles,474,Active,2026-06-18 12:16:29.786877,2026-06-18 12:16:29.786877
475,40,Pizza,475,Active,2026-06-18 12:16:29.786877,2026-06-18 12:16:29.786877
476,40,Burgers,476,Active,2026-06-18 12:16:29.786877,2026-06-18 12:16:29.786877
477,40,Desserts,477,Active,2026-06-18 12:16:29.786877,2026-06-18 12:16:29.786877
478,40,Beverages,478,Active,2026-06-18 12:16:29.786877,2026-06-18 12:16:29.786877
479,40,Kids Menu,479,Active,2026-06-18 12:16:29.786877,2026-06-18 12:16:29.786877
480,40,Combos,480,Active,2026-06-18 12:16:29.786877,2026-06-18 12:16:29.786877
481,41,Starters,481,Active,2026-06-18 12:16:29.786877,2026-06-18 12:16:29.786877
482,41,Soups,482,Active,2026-06-18 12:16:29.786877,2026-06-18 12:16:29.786877
483,41,Salads,483,Active,2026-06-18 12:16:29.786877,2026-06-18 12:16:29.786877
484,41,Main Course,484,Active,2026-06-18 12:16:29.786877,2026-06-18 12:16:29.786877
485,41,Rice,485,Active,2026-06-18 12:16:29.786877,2026-06-18 12:16:29.786877
486,41,Noodles,486,Active,2026-06-18 12:16:29.786877,2026-06-18 12:16:29.786877
487,41,Pizza,487,Active,2026-06-18 12:16:29.786877,2026-06-18 12:16:29.786877
488,41,Burgers,488,Active,2026-06-18 12:16:29.786877,2026-06-18 12:16:29.786877
489,41,Desserts,489,Active,2026-06-18 12:16:29.786877,2026-06-18 12:16:29.786877
490,41,Beverages,490,Active,2026-06-18 12:16:29.786877,2026-06-18 12:16:29.786877
491,41,Kids Menu,491,Active,2026-06-18 12:16:29.786877,2026-06-18 12:16:29.786877
492,41,Combos,492,Active,2026-06-18 12:16:29.786877,2026-06-18 12:16:29.786877
493,42,Starters,493,Active,2026-06-18 12:16:29.786877,2026-06-18 12:16:29.786877
494,42,Soups,494,Active,2026-06-18 12:16:29.786877,2026-06-18 12:16:29.786877
495,42,Salads,495,Active,2026-06-18 12:16:29.786877,2026-06-18 12:16:29.786877
496,42,Main Course,496,Active,2026-06-18 12:16:29.786877,2026-06-18 12:16:29.786877
497,42,Rice,497,Active,2026-06-18 12:16:29.786877,2026-06-18 12:16:29.786877
498,42,Noodles,498,Active,2026-06-18 12:16:29.786877,2026-06-18 12:16:29.786877
499,42,Pizza,499,Active,2026-06-18 12:16:29.786877,2026-06-18 12:16:29.786877
500,42,Burgers,500,Active,2026-06-18 12:16:29.786877,2026-06-18 12:16:29.786877
501,42,Desserts,501,Active,2026-06-18 12:16:29.786877,2026-06-18 12:16:29.786877
502,42,Beverages,502,Active,2026-06-18 12:16:29.786877,2026-06-18 12:16:29.786877
503,42,Kids Menu,503,Active,2026-06-18 12:16:29.786877,2026-06-18 12:16:29.786877
504,42,Combos,504,Active,2026-06-18 12:16:29.786877,2026-06-18 12:16:29.786877
505,43,Starters,505,Active,2026-06-18 12:16:29.786877,2026-06-18 12:16:29.786877
506,43,Soups,506,Active,2026-06-18 12:16:29.786877,2026-06-18 12:16:29.786877
507,43,Salads,507,Active,2026-06-18 12:16:29.786877,2026-06-18 12:16:29.786877
508,43,Main Course,508,Active,2026-06-18 12:16:29.786877,2026-06-18 12:16:29.786877
509,43,Rice,509,Active,2026-06-18 12:16:29.786877,2026-06-18 12:16:29.786877
510,43,Noodles,510,Active,2026-06-18 12:16:29.786877,2026-06-18 12:16:29.786877
511,43,Pizza,511,Active,2026-06-18 12:16:29.786877,2026-06-18 12:16:29.786877
512,43,Burgers,512,Active,2026-06-18 12:16:29.786877,2026-06-18 12:16:29.786877
513,43,Desserts,513,Active,2026-06-18 12:16:29.786877,2026-06-18 12:16:29.786877
514,43,Beverages,514,Active,2026-06-18 12:16:29.786877,2026-06-18 12:16:29.786877
515,43,Kids Menu,515,Active,2026-06-18 12:16:29.786877,2026-06-18 12:16:29.786877
516,43,Combos,516,Active,2026-06-18 12:16:29.786877,2026-06-18 12:16:29.786877
517,44,Starters,517,Active,2026-06-18 12:16:29.786877,2026-06-18 12:16:29.786877
518,44,Soups,518,Active,2026-06-18 12:16:29.786877,2026-06-18 12:16:29.786877
519,44,Salads,519,Active,2026-06-18 12:16:29.786877,2026-06-18 12:16:29.786877
520,44,Main Course,520,Active,2026-06-18 12:16:29.786877,2026-06-18 12:16:29.786877
521,44,Rice,521,Active,2026-06-18 12:16:29.786877,2026-06-18 12:16:29.786877
522,44,Noodles,522,Active,2026-06-18 12:16:29.786877,2026-06-18 12:16:29.786877
523,44,Pizza,523,Active,2026-06-18 12:16:29.786877,2026-06-18 12:16:29.786877
524,44,Burgers,524,Active,2026-06-18 12:16:29.786877,2026-06-18 12:16:29.786877
525,44,Desserts,525,Active,2026-06-18 12:16:29.786877,2026-06-18 12:16:29.786877
526,44,Beverages,526,Active,2026-06-18 12:16:29.786877,2026-06-18 12:16:29.786877
527,44,Kids Menu,527,Active,2026-06-18 12:16:29.786877,2026-06-18 12:16:29.786877
528,44,Combos,528,Active,2026-06-18 12:16:29.786877,2026-06-18 12:16:29.786877
529,45,Starters,529,Active,2026-06-18 12:16:29.786877,2026-06-18 12:16:29.786877
530,45,Soups,530,Active,2026-06-18 12:16:29.786877,2026-06-18 12:16:29.786877
531,45,Salads,531,Active,2026-06-18 12:16:29.786877,2026-06-18 12:16:29.786877
532,45,Main Course,532,Active,2026-06-18 12:16:29.786877,2026-06-18 12:16:29.786877
533,45,Rice,533,Active,2026-06-18 12:16:29.786877,2026-06-18 12:16:29.786877
534,45,Noodles,534,Active,2026-06-18 12:16:29.786877,2026-06-18 12:16:29.786877
535,45,Pizza,535,Active,2026-06-18 12:16:29.786877,2026-06-18 12:16:29.786877
536,45,Burgers,536,Active,2026-06-18 12:16:29.786877,2026-06-18 12:16:29.786877
537,45,Desserts,537,Active,2026-06-18 12:16:29.786877,2026-06-18 12:16:29.786877
538,45,Beverages,538,Active,2026-06-18 12:16:29.786877,2026-06-18 12:16:29.786877
539,45,Kids Menu,539,Active,2026-06-18 12:16:29.786877,2026-06-18 12:16:29.786877
540,45,Combos,540,Active,2026-06-18 12:16:29.786877,2026-06-18 12:16:29.786877
541,46,Starters,541,Active,2026-06-18 12:16:29.786877,2026-06-18 12:16:29.786877
542,46,Soups,542,Active,2026-06-18 12:16:29.786877,2026-06-18 12:16:29.786877
543,46,Salads,543,Active,2026-06-18 12:16:29.786877,2026-06-18 12:16:29.786877
544,46,Main Course,544,Active,2026-06-18 12:16:29.786877,2026-06-18 12:16:29.786877
545,46,Rice,545,Active,2026-06-18 12:16:29.786877,2026-06-18 12:16:29.786877
546,46,Noodles,546,Active,2026-06-18 12:16:29.786877,2026-06-18 12:16:29.786877
547,46,Pizza,547,Active,2026-06-18 12:16:29.786877,2026-06-18 12:16:29.786877
548,46,Burgers,548,Active,2026-06-18 12:16:29.786877,2026-06-18 12:16:29.786877
549,46,Desserts,549,Active,2026-06-18 12:16:29.786877,2026-06-18 12:16:29.786877
550,46,Beverages,550,Active,2026-06-18 12:16:29.786877,2026-06-18 12:16:29.786877
551,46,Kids Menu,551,Active,2026-06-18 12:16:29.786877,2026-06-18 12:16:29.786877
552,46,Combos,552,Active,2026-06-18 12:16:29.786877,2026-06-18 12:16:29.786877
553,47,Starters,553,Active,2026-06-18 12:16:29.786877,2026-06-18 12:16:29.786877
554,47,Soups,554,Active,2026-06-18 12:16:29.786877,2026-06-18 12:16:29.786877
555,47,Salads,555,Active,2026-06-18 12:16:29.786877,2026-06-18 12:16:29.786877
556,47,Main Course,556,Active,2026-06-18 12:16:29.786877,2026-06-18 12:16:29.786877
557,47,Rice,557,Active,2026-06-18 12:16:29.786877,2026-06-18 12:16:29.786877
558,47,Noodles,558,Active,2026-06-18 12:16:29.786877,2026-06-18 12:16:29.786877
559,47,Pizza,559,Active,2026-06-18 12:16:29.786877,2026-06-18 12:16:29.786877
560,47,Burgers,560,Active,2026-06-18 12:16:29.786877,2026-06-18 12:16:29.786877
561,47,Desserts,561,Active,2026-06-18 12:16:29.786877,2026-06-18 12:16:29.786877
562,47,Beverages,562,Active,2026-06-18 12:16:29.786877,2026-06-18 12:16:29.786877
563,47,Kids Menu,563,Active,2026-06-18 12:16:29.786877,2026-06-18 12:16:29.786877
564,47,Combos,564,Active,2026-06-18 12:16:29.786877,2026-06-18 12:16:29.786877
565,48,Starters,565,Active,2026-06-18 12:16:29.786877,2026-06-18 12:16:29.786877
566,48,Soups,566,Active,2026-06-18 12:16:29.786877,2026-06-18 12:16:29.786877
567,48,Salads,567,Active,2026-06-18 12:16:29.786877,2026-06-18 12:16:29.786877
568,48,Main Course,568,Active,2026-06-18 12:16:29.786877,2026-06-18 12:16:29.786877
569,48,Rice,569,Active,2026-06-18 12:16:29.786877,2026-06-18 12:16:29.786877
570,48,Noodles,570,Active,2026-06-18 12:16:29.786877,2026-06-18 12:16:29.786877
571,48,Pizza,571,Active,2026-06-18 12:16:29.786877,2026-06-18 12:16:29.786877
572,48,Burgers,572,Active,2026-06-18 12:16:29.786877,2026-06-18 12:16:29.786877
573,48,Desserts,573,Active,2026-06-18 12:16:29.786877,2026-06-18 12:16:29.786877
574,48,Beverages,574,Active,2026-06-18 12:16:29.786877,2026-06-18 12:16:29.786877
575,48,Kids Menu,575,Active,2026-06-18 12:16:29.786877,2026-06-18 12:16:29.786877
576,48,Combos,576,Active,2026-06-18 12:16:29.786877,2026-06-18 12:16:29.786877
577,49,Starters,577,Active,2026-06-18 12:16:29.786877,2026-06-18 12:16:29.786877
578,49,Soups,578,Active,2026-06-18 12:16:29.786877,2026-06-18 12:16:29.786877
579,49,Salads,579,Active,2026-06-18 12:16:29.786877,2026-06-18 12:16:29.786877
580,49,Main Course,580,Active,2026-06-18 12:16:29.786877,2026-06-18 12:16:29.786877
581,49,Rice,581,Active,2026-06-18 12:16:29.786877,2026-06-18 12:16:29.786877
582,49,Noodles,582,Active,2026-06-18 12:16:29.786877,2026-06-18 12:16:29.786877
583,49,Pizza,583,Active,2026-06-18 12:16:29.786877,2026-06-18 12:16:29.786877
584,49,Burgers,584,Active,2026-06-18 12:16:29.786877,2026-06-18 12:16:29.786877
585,49,Desserts,585,Active,2026-06-18 12:16:29.786877,2026-06-18 12:16:29.786877
586,49,Beverages,586,Active,2026-06-18 12:16:29.786877,2026-06-18 12:16:29.786877
587,49,Kids Menu,587,Active,2026-06-18 12:16:29.786877,2026-06-18 12:16:29.786877
588,49,Combos,588,Active,2026-06-18 12:16:29.786877,2026-06-18 12:16:29.786877
589,50,Starters,589,Active,2026-06-18 12:16:29.786877,2026-06-18 12:16:29.786877
590,50,Soups,590,Active,2026-06-18 12:16:29.786877,2026-06-18 12:16:29.786877
591,50,Salads,591,Active,2026-06-18 12:16:29.786877,2026-06-18 12:16:29.786877
592,50,Main Course,592,Active,2026-06-18 12:16:29.786877,2026-06-18 12:16:29.786877
593,50,Rice,593,Active,2026-06-18 12:16:29.786877,2026-06-18 12:16:29.786877
594,50,Noodles,594,Active,2026-06-18 12:16:29.786877,2026-06-18 12:16:29.786877
595,50,Pizza,595,Active,2026-06-18 12:16:29.786877,2026-06-18 12:16:29.786877
596,50,Burgers,596,Active,2026-06-18 12:16:29.786877,2026-06-18 12:16:29.786877
597,50,Desserts,597,Active,2026-06-18 12:16:29.786877,2026-06-18 12:16:29.786877
598,50,Beverages,598,Active,2026-06-18 12:16:29.786877,2026-06-18 12:16:29.786877
599,50,Kids Menu,599,Active,2026-06-18 12:16:29.786877,2026-06-18 12:16:29.786877
600,50,Combos,600,Active,2026-06-18 12:16:29.786877,2026-06-18 12:16:29.786877
601,51,Starters,601,Active,2026-06-18 12:16:29.786877,2026-06-18 12:16:29.786877
602,51,Soups,602,Active,2026-06-18 12:16:29.786877,2026-06-18 12:16:29.786877
603,51,Salads,603,Active,2026-06-18 12:16:29.786877,2026-06-18 12:16:29.786877
604,51,Main Course,604,Active,2026-06-18 12:16:29.786877,2026-06-18 12:16:29.786877
605,51,Rice,605,Active,2026-06-18 12:16:29.786877,2026-06-18 12:16:29.786877
606,51,Noodles,606,Active,2026-06-18 12:16:29.786877,2026-06-18 12:16:29.786877
607,51,Pizza,607,Active,2026-06-18 12:16:29.786877,2026-06-18 12:16:29.786877
608,51,Burgers,608,Active,2026-06-18 12:16:29.786877,2026-06-18 12:16:29.786877
609,51,Desserts,609,Active,2026-06-18 12:16:29.786877,2026-06-18 12:16:29.786877
610,51,Beverages,610,Active,2026-06-18 12:16:29.786877,2026-06-18 12:16:29.786877
611,51,Kids Menu,611,Active,2026-06-18 12:16:29.786877,2026-06-18 12:16:29.786877
612,51,Combos,612,Active,2026-06-18 12:16:29.786877,2026-06-18 12:16:29.786877
613,52,Starters,613,Active,2026-06-18 12:16:29.787827,2026-06-18 12:16:29.787827
614,52,Soups,614,Active,2026-06-18 12:16:29.787827,2026-06-18 12:16:29.787827
615,52,Salads,615,Active,2026-06-18 12:16:29.787827,2026-06-18 12:16:29.787827
616,52,Main Course,616,Active,2026-06-18 12:16:29.787827,2026-06-18 12:16:29.787827
617,52,Rice,617,Active,2026-06-18 12:16:29.787827,2026-06-18 12:16:29.787827
618,52,Noodles,618,Active,2026-06-18 12:16:29.787827,2026-06-18 12:16:29.787827
619,52,Pizza,619,Active,2026-06-18 12:16:29.787827,2026-06-18 12:16:29.787827
620,52,Burgers,620,Active,2026-06-18 12:16:29.787827,2026-06-18 12:16:29.787827
621,52,Desserts,621,Active,2026-06-18 12:16:29.787827,2026-06-18 12:16:29.787827
622,52,Beverages,622,Active,2026-06-18 12:16:29.787827,2026-06-18 12:16:29.787827
623,52,Kids Menu,623,Active,2026-06-18 12:16:29.787827,2026-06-18 12:16:29.787827
624,52,Combos,624,Active,2026-06-18 12:16:29.787827,2026-06-18 12:16:29.787827
625,53,Starters,625,Active,2026-06-18 12:16:29.787827,2026-06-18 12:16:29.787827
626,53,Soups,626,Active,2026-06-18 12:16:29.787827,2026-06-18 12:16:29.787827
627,53,Salads,627,Active,2026-06-18 12:16:29.787827,2026-06-18 12:16:29.787827
628,53,Main Course,628,Active,2026-06-18 12:16:29.787827,2026-06-18 12:16:29.787827
629,53,Rice,629,Active,2026-06-18 12:16:29.787827,2026-06-18 12:16:29.787827
630,53,Noodles,630,Active,2026-06-18 12:16:29.787827,2026-06-18 12:16:29.787827
631,53,Pizza,631,Active,2026-06-18 12:16:29.787827,2026-06-18 12:16:29.787827
632,53,Burgers,632,Active,2026-06-18 12:16:29.787827,2026-06-18 12:16:29.787827
633,53,Desserts,633,Active,2026-06-18 12:16:29.787827,2026-06-18 12:16:29.787827
634,53,Beverages,634,Active,2026-06-18 12:16:29.787827,2026-06-18 12:16:29.787827
635,53,Kids Menu,635,Active,2026-06-18 12:16:29.787827,2026-06-18 12:16:29.787827
636,53,Combos,636,Active,2026-06-18 12:16:29.787827,2026-06-18 12:16:29.787827
637,54,Starters,637,Active,2026-06-18 12:16:29.787827,2026-06-18 12:16:29.787827
638,54,Soups,638,Active,2026-06-18 12:16:29.787827,2026-06-18 12:16:29.787827
639,54,Salads,639,Active,2026-06-18 12:16:29.787827,2026-06-18 12:16:29.787827
640,54,Main Course,640,Active,2026-06-18 12:16:29.787827,2026-06-18 12:16:29.787827
641,54,Rice,641,Active,2026-06-18 12:16:29.787827,2026-06-18 12:16:29.787827
642,54,Noodles,642,Active,2026-06-18 12:16:29.787827,2026-06-18 12:16:29.787827
643,54,Pizza,643,Active,2026-06-18 12:16:29.787827,2026-06-18 12:16:29.787827
644,54,Burgers,644,Active,2026-06-18 12:16:29.787827,2026-06-18 12:16:29.787827
645,54,Desserts,645,Active,2026-06-18 12:16:29.787827,2026-06-18 12:16:29.787827
646,54,Beverages,646,Active,2026-06-18 12:16:29.787827,2026-06-18 12:16:29.787827
647,54,Kids Menu,647,Active,2026-06-18 12:16:29.787827,2026-06-18 12:16:29.787827
648,54,Combos,648,Active,2026-06-18 12:16:29.787827,2026-06-18 12:16:29.787827
649,55,Starters,649,Active,2026-06-18 12:16:29.787827,2026-06-18 12:16:29.787827
650,55,Soups,650,Active,2026-06-18 12:16:29.787827,2026-06-18 12:16:29.787827
651,55,Salads,651,Active,2026-06-18 12:16:29.787827,2026-06-18 12:16:29.787827
652,55,Main Course,652,Active,2026-06-18 12:16:29.787827,2026-06-18 12:16:29.787827
653,55,Rice,653,Active,2026-06-18 12:16:29.787827,2026-06-18 12:16:29.787827
654,55,Noodles,654,Active,2026-06-18 12:16:29.787827,2026-06-18 12:16:29.787827
655,55,Pizza,655,Active,2026-06-18 12:16:29.787827,2026-06-18 12:16:29.787827
656,55,Burgers,656,Active,2026-06-18 12:16:29.787827,2026-06-18 12:16:29.787827
657,55,Desserts,657,Active,2026-06-18 12:16:29.787827,2026-06-18 12:16:29.787827
658,55,Beverages,658,Active,2026-06-18 12:16:29.787827,2026-06-18 12:16:29.787827
659,55,Kids Menu,659,Active,2026-06-18 12:16:29.787827,2026-06-18 12:16:29.787827
660,55,Combos,660,Active,2026-06-18 12:16:29.787827,2026-06-18 12:16:29.787827
661,56,Starters,661,Active,2026-06-18 12:16:29.787827,2026-06-18 12:16:29.787827
662,56,Soups,662,Active,2026-06-18 12:16:29.787827,2026-06-18 12:16:29.787827
663,56,Salads,663,Active,2026-06-18 12:16:29.787827,2026-06-18 12:16:29.787827
664,56,Main Course,664,Active,2026-06-18 12:16:29.787827,2026-06-18 12:16:29.787827
665,56,Rice,665,Active,2026-06-18 12:16:29.787827,2026-06-18 12:16:29.787827
666,56,Noodles,666,Active,2026-06-18 12:16:29.787827,2026-06-18 12:16:29.787827
667,56,Pizza,667,Active,2026-06-18 12:16:29.787827,2026-06-18 12:16:29.787827
668,56,Burgers,668,Active,2026-06-18 12:16:29.787827,2026-06-18 12:16:29.787827
669,56,Desserts,669,Active,2026-06-18 12:16:29.787827,2026-06-18 12:16:29.787827
670,56,Beverages,670,Active,2026-06-18 12:16:29.787827,2026-06-18 12:16:29.787827
671,56,Kids Menu,671,Active,2026-06-18 12:16:29.787827,2026-06-18 12:16:29.787827
672,56,Combos,672,Active,2026-06-18 12:16:29.787827,2026-06-18 12:16:29.787827
673,57,Starters,673,Active,2026-06-18 12:16:29.787827,2026-06-18 12:16:29.787827
674,57,Soups,674,Active,2026-06-18 12:16:29.787827,2026-06-18 12:16:29.787827
675,57,Salads,675,Active,2026-06-18 12:16:29.787827,2026-06-18 12:16:29.787827
676,57,Main Course,676,Active,2026-06-18 12:16:29.787827,2026-06-18 12:16:29.787827
677,57,Rice,677,Active,2026-06-18 12:16:29.787827,2026-06-18 12:16:29.787827
678,57,Noodles,678,Active,2026-06-18 12:16:29.787827,2026-06-18 12:16:29.787827
679,57,Pizza,679,Active,2026-06-18 12:16:29.787827,2026-06-18 12:16:29.787827
680,57,Burgers,680,Active,2026-06-18 12:16:29.787827,2026-06-18 12:16:29.787827
681,57,Desserts,681,Active,2026-06-18 12:16:29.787827,2026-06-18 12:16:29.787827
682,57,Beverages,682,Active,2026-06-18 12:16:29.787827,2026-06-18 12:16:29.787827
683,57,Kids Menu,683,Active,2026-06-18 12:16:29.787827,2026-06-18 12:16:29.787827
684,57,Combos,684,Active,2026-06-18 12:16:29.787827,2026-06-18 12:16:29.787827
685,58,Starters,685,Active,2026-06-18 12:16:29.787827,2026-06-18 12:16:29.787827
686,58,Soups,686,Active,2026-06-18 12:16:29.787827,2026-06-18 12:16:29.787827
687,58,Salads,687,Active,2026-06-18 12:16:29.787827,2026-06-18 12:16:29.787827
688,58,Main Course,688,Active,2026-06-18 12:16:29.787827,2026-06-18 12:16:29.787827
689,58,Rice,689,Active,2026-06-18 12:16:29.787827,2026-06-18 12:16:29.787827
690,58,Noodles,690,Active,2026-06-18 12:16:29.787827,2026-06-18 12:16:29.787827
691,58,Pizza,691,Active,2026-06-18 12:16:29.787827,2026-06-18 12:16:29.787827
692,58,Burgers,692,Active,2026-06-18 12:16:29.787827,2026-06-18 12:16:29.787827
693,58,Desserts,693,Active,2026-06-18 12:16:29.787827,2026-06-18 12:16:29.787827
694,58,Beverages,694,Active,2026-06-18 12:16:29.787827,2026-06-18 12:16:29.787827
695,58,Kids Menu,695,Active,2026-06-18 12:16:29.787827,2026-06-18 12:16:29.787827
696,58,Combos,696,Active,2026-06-18 12:16:29.787827,2026-06-18 12:16:29.787827
697,59,Starters,697,Active,2026-06-18 12:16:29.787827,2026-06-18 12:16:29.787827
698,59,Soups,698,Active,2026-06-18 12:16:29.787827,2026-06-18 12:16:29.787827
699,59,Salads,699,Active,2026-06-18 12:16:29.787827,2026-06-18 12:16:29.787827
700,59,Main Course,700,Active,2026-06-18 12:16:29.787827,2026-06-18 12:16:29.787827
701,59,Rice,701,Active,2026-06-18 12:16:29.787827,2026-06-18 12:16:29.787827
702,59,Noodles,702,Active,2026-06-18 12:16:29.787827,2026-06-18 12:16:29.787827
703,59,Pizza,703,Active,2026-06-18 12:16:29.787827,2026-06-18 12:16:29.787827
704,59,Burgers,704,Active,2026-06-18 12:16:29.787827,2026-06-18 12:16:29.787827
705,59,Desserts,705,Active,2026-06-18 12:16:29.787827,2026-06-18 12:16:29.787827
706,59,Beverages,706,Active,2026-06-18 12:16:29.787827,2026-06-18 12:16:29.787827
707,59,Kids Menu,707,Active,2026-06-18 12:16:29.787827,2026-06-18 12:16:29.787827
708,59,Combos,708,Active,2026-06-18 12:16:29.787827,2026-06-18 12:16:29.787827
709,60,Starters,709,Active,2026-06-18 12:16:29.788138,2026-06-18 12:16:29.788138
710,60,Soups,710,Active,2026-06-18 12:16:29.788138,2026-06-18 12:16:29.788138
711,60,Salads,711,Active,2026-06-18 12:16:29.788138,2026-06-18 12:16:29.788138
712,60,Main Course,712,Active,2026-06-18 12:16:29.788138,2026-06-18 12:16:29.788138
713,60,Rice,713,Active,2026-06-18 12:16:29.788138,2026-06-18 12:16:29.788138
714,60,Noodles,714,Active,2026-06-18 12:16:29.788138,2026-06-18 12:16:29.788138
715,60,Pizza,715,Active,2026-06-18 12:16:29.788138,2026-06-18 12:16:29.788138
716,60,Burgers,716,Active,2026-06-18 12:16:29.788138,2026-06-18 12:16:29.788138
717,60,Desserts,717,Active,2026-06-18 12:16:29.788138,2026-06-18 12:16:29.788138
718,60,Beverages,718,Active,2026-06-18 12:16:29.788138,2026-06-18 12:16:29.788138
719,60,Kids Menu,719,Active,2026-06-18 12:16:29.788138,2026-06-18 12:16:29.788138
720,60,Combos,720,Active,2026-06-18 12:16:29.788138,2026-06-18 12:16:29.788138
721,61,Starters,721,Active,2026-06-18 12:16:29.788138,2026-06-18 12:16:29.788138
722,61,Soups,722,Active,2026-06-18 12:16:29.788138,2026-06-18 12:16:29.788138
723,61,Salads,723,Active,2026-06-18 12:16:29.788138,2026-06-18 12:16:29.788138
724,61,Main Course,724,Active,2026-06-18 12:16:29.788138,2026-06-18 12:16:29.788138
725,61,Rice,725,Active,2026-06-18 12:16:29.788138,2026-06-18 12:16:29.788138
726,61,Noodles,726,Active,2026-06-18 12:16:29.788138,2026-06-18 12:16:29.788138
727,61,Pizza,727,Active,2026-06-18 12:16:29.788138,2026-06-18 12:16:29.788138
728,61,Burgers,728,Active,2026-06-18 12:16:29.788138,2026-06-18 12:16:29.788138
729,61,Desserts,729,Active,2026-06-18 12:16:29.788138,2026-06-18 12:16:29.788138
730,61,Beverages,730,Active,2026-06-18 12:16:29.788138,2026-06-18 12:16:29.788138
731,61,Kids Menu,731,Active,2026-06-18 12:16:29.788138,2026-06-18 12:16:29.788138
732,61,Combos,732,Active,2026-06-18 12:16:29.788138,2026-06-18 12:16:29.788138
733,62,Starters,733,Active,2026-06-18 12:16:29.788138,2026-06-18 12:16:29.788138
734,62,Soups,734,Active,2026-06-18 12:16:29.788138,2026-06-18 12:16:29.788138
735,62,Salads,735,Active,2026-06-18 12:16:29.788138,2026-06-18 12:16:29.788138
736,62,Main Course,736,Active,2026-06-18 12:16:29.788138,2026-06-18 12:16:29.788138
737,62,Rice,737,Active,2026-06-18 12:16:29.788138,2026-06-18 12:16:29.788138
738,62,Noodles,738,Active,2026-06-18 12:16:29.788138,2026-06-18 12:16:29.788138
739,62,Pizza,739,Active,2026-06-18 12:16:29.788138,2026-06-18 12:16:29.788138
740,62,Burgers,740,Active,2026-06-18 12:16:29.788138,2026-06-18 12:16:29.788138
741,62,Desserts,741,Active,2026-06-18 12:16:29.788138,2026-06-18 12:16:29.788138
742,62,Beverages,742,Active,2026-06-18 12:16:29.788138,2026-06-18 12:16:29.788138
743,62,Kids Menu,743,Active,2026-06-18 12:16:29.788138,2026-06-18 12:16:29.788138
744,62,Combos,744,Active,2026-06-18 12:16:29.788138,2026-06-18 12:16:29.788138
745,63,Starters,745,Active,2026-06-18 12:16:29.788138,2026-06-18 12:16:29.788138
746,63,Soups,746,Active,2026-06-18 12:16:29.788138,2026-06-18 12:16:29.788138
747,63,Salads,747,Active,2026-06-18 12:16:29.788138,2026-06-18 12:16:29.788138
748,63,Main Course,748,Active,2026-06-18 12:16:29.788138,2026-06-18 12:16:29.788138
749,63,Rice,749,Active,2026-06-18 12:16:29.788138,2026-06-18 12:16:29.788138
750,63,Noodles,750,Active,2026-06-18 12:16:29.788138,2026-06-18 12:16:29.788138
751,63,Pizza,751,Active,2026-06-18 12:16:29.788138,2026-06-18 12:16:29.788138
752,63,Burgers,752,Active,2026-06-18 12:16:29.788138,2026-06-18 12:16:29.788138
753,63,Desserts,753,Active,2026-06-18 12:16:29.788138,2026-06-18 12:16:29.788138
754,63,Beverages,754,Active,2026-06-18 12:16:29.788138,2026-06-18 12:16:29.788138
755,63,Kids Menu,755,Active,2026-06-18 12:16:29.788138,2026-06-18 12:16:29.788138
756,63,Combos,756,Active,2026-06-18 12:16:29.788138,2026-06-18 12:16:29.788138
757,64,Starters,757,Active,2026-06-18 12:16:29.788138,2026-06-18 12:16:29.788138
758,64,Soups,758,Active,2026-06-18 12:16:29.788138,2026-06-18 12:16:29.788138
759,64,Salads,759,Active,2026-06-18 12:16:29.788138,2026-06-18 12:16:29.788138
760,64,Main Course,760,Active,2026-06-18 12:16:29.788138,2026-06-18 12:16:29.788138
761,64,Rice,761,Active,2026-06-18 12:16:29.788138,2026-06-18 12:16:29.788138
762,64,Noodles,762,Active,2026-06-18 12:16:29.788138,2026-06-18 12:16:29.788138
763,64,Pizza,763,Active,2026-06-18 12:16:29.788138,2026-06-18 12:16:29.788138
764,64,Burgers,764,Active,2026-06-18 12:16:29.788138,2026-06-18 12:16:29.788138
765,64,Desserts,765,Active,2026-06-18 12:16:29.788138,2026-06-18 12:16:29.788138
766,64,Beverages,766,Active,2026-06-18 12:16:29.788138,2026-06-18 12:16:29.788138
767,64,Kids Menu,767,Active,2026-06-18 12:16:29.788138,2026-06-18 12:16:29.788138
768,64,Combos,768,Active,2026-06-18 12:16:29.788138,2026-06-18 12:16:29.788138
