id,user_id,request_date,approved_date,amount,reason,approved_by,status,created_at,updated_at
1,2,2026-04-08,2026-04-09,9902.22,Medical,44,Rejected,2026-04-08 13:29:39.183781,2026-04-09 13:29:39.183781
2,4,2026-03-01,2026-03-01,6024.03,Emergency,15,Rejected,2026-03-01 13:29:39.183781,2026-03-01 13:29:39.183781
3,19,2026-03-12,2026-03-12,6875.86,Education,39,Approved,2026-03-12 13:29:39.185787,2026-03-12 13:29:39.185787
4,31,2026-04-20,2026-04-22,32133.05,Emergency,7,Approved,2026-04-20 13:29:39.185787,2026-04-22 13:29:39.185787
5,52,2026-03-29,2026-04-01,6481.08,Emergency,37,Rejected,2026-03-29 13:29:39.185787,2026-04-01 13:29:39.185787
6,68,2026-06-05,2026-06-05,10366.72,Emergency,44,Approved,2026-06-05 13:29:39.185787,2026-06-05 13:29:39.185787
7,77,2026-01-31,2026-02-02,15039.41,Education,8,Approved,2026-01-31 13:29:39.185787,2026-02-02 13:29:39.185787
8,95,2026-03-27,2026-03-30,3161.82,Education,20,Approved,2026-03-27 13:29:39.185787,2026-03-30 13:29:39.185787
9,96,2026-01-23,2026-01-23,3992.93,Family,5,Rejected,2026-01-23 13:29:39.185787,2026-01-23 13:29:39.185787
10,98,2026-02-16,2026-02-20,4908.79,Personal,39,Approved,2026-02-16 13:29:39.185787,2026-02-20 13:29:39.185787
11,110,2026-06-12,2026-06-16,7620.21,Personal,15,Approved,2026-06-12 13:29:39.185787,2026-06-16 13:29:39.185787
12,111,2026-01-07,2026-01-07,4576.96,Medical,22,Approved,2026-01-07 13:29:39.185787,2026-01-07 13:29:39.185787
13,122,2025-12-31,2026-01-03,5908.1,Family,30,Rejected,2025-12-31 13:29:39.185787,2026-01-03 13:29:39.185787
14,123,2026-01-01,2026-01-06,4396.06,Family,47,Approved,2026-01-01 13:29:39.185787,2026-01-06 13:29:39.185787
15,125,2026-04-29,2026-04-30,8798.22,Emergency,28,Approved,2026-04-29 13:29:39.185787,2026-04-30 13:29:39.185787
16,132,2026-01-30,2026-01-30,11734.06,Emergency,11,Approved,2026-01-30 13:29:39.185787,2026-01-30 13:29:39.185787
17,136,2026-03-12,2026-03-12,11724.56,Education,30,Approved,2026-03-12 13:29:39.185787,2026-03-12 13:29:39.185787
18,148,2026-01-19,2026-01-22,9281.44,Personal,11,Approved,2026-01-19 13:29:39.185787,2026-01-22 13:29:39.185787
19,150,2026-05-01,2026-05-01,9264.63,Emergency,26,Approved,2026-05-01 13:29:39.185787,2026-05-01 13:29:39.185787
20,154,2026-05-28,2026-05-31,8741.63,Personal,34,Approved,2026-05-28 13:29:39.185787,2026-05-31 13:29:39.185787
21,164,2026-02-20,2026-02-24,23818.51,Medical,5,Rejected,2026-02-20 13:29:39.185787,2026-02-24 13:29:39.185787
22,177,2026-01-27,2026-01-29,20493.07,Medical,9,Approved,2026-01-27 13:29:39.187791,2026-01-29 13:29:39.187791
23,178,2026-05-21,2026-05-26,11985.7,Education,19,Rejected,2026-05-21 13:29:39.187791,2026-05-26 13:29:39.187791
24,186,2026-01-06,2026-01-09,10565.09,Medical,1,Approved,2026-01-06 13:29:39.187791,2026-01-09 13:29:39.187791
25,193,2026-05-29,2026-06-03,12814.61,Personal,3,Approved,2026-05-29 13:29:39.187791,2026-06-03 13:29:39.187791
26,195,2026-05-16,2026-05-16,5715.45,Medical,23,Approved,2026-05-16 13:29:39.187791,2026-05-16 13:29:39.187791
27,219,2026-02-17,2026-02-18,4671.6,Family,23,Approved,2026-02-17 13:29:39.188228,2026-02-18 13:29:39.188228
28,226,2026-04-07,2026-04-09,10530.9,Family,44,Rejected,2026-04-07 13:29:39.188228,2026-04-09 13:29:39.188228
29,228,2026-04-12,2026-04-13,10238.51,Education,3,Approved,2026-04-12 13:29:39.188228,2026-04-13 13:29:39.188228
30,234,2026-01-21,2026-01-22,7667.54,Family,1,Rejected,2026-01-21 13:29:39.188228,2026-01-22 13:29:39.188228
31,241,2025-12-29,2025-12-31,17660.44,Medical,47,Approved,2025-12-29 13:29:39.188696,2025-12-31 13:29:39.188696
32,270,2026-04-18,2026-04-23,14264.24,Emergency,10,Approved,2026-04-18 13:29:39.188696,2026-04-23 13:29:39.188696
33,271,2026-02-16,2026-02-20,20730.06,Medical,30,Approved,2026-02-16 13:29:39.188696,2026-02-20 13:29:39.188696
34,277,2025-12-23,2025-12-23,23341.8,Medical,50,Approved,2025-12-23 13:29:39.188696,2025-12-23 13:29:39.188696
35,284,2026-05-14,2026-05-17,11369.52,Personal,39,Approved,2026-05-14 13:29:39.188696,2026-05-17 13:29:39.188696
36,302,2026-04-05,2026-04-06,5696.29,Education,35,Approved,2026-04-05 13:29:39.188696,2026-04-06 13:29:39.188696
37,303,2026-04-19,2026-04-22,21469.95,Emergency,5,Approved,2026-04-19 13:29:39.188696,2026-04-22 13:29:39.188696
38,315,2026-03-19,2026-03-21,33508.44,Family,35,Rejected,2026-03-19 13:29:39.188696,2026-03-21 13:29:39.188696
39,333,2026-02-28,2026-03-01,13172.59,Emergency,4,Approved,2026-02-28 13:29:39.188696,2026-03-01 13:29:39.188696
40,342,2026-06-13,2026-06-18,11519.2,Education,15,Rejected,2026-06-13 13:29:39.188696,2026-06-18 13:29:39.188696
41,343,2026-01-02,2026-01-02,19063.16,Emergency,13,Approved,2026-01-02 13:29:39.188696,2026-01-02 13:29:39.188696
42,347,2026-04-23,2026-04-26,10275.49,Education,11,Rejected,2026-04-23 13:29:39.188696,2026-04-26 13:29:39.188696
43,350,2026-05-07,2026-05-09,3050.0,Medical,20,Rejected,2026-05-07 13:29:39.188696,2026-05-09 13:29:39.188696
44,355,2025-12-23,2025-12-28,15678.52,Education,44,Rejected,2025-12-23 13:29:39.188696,2025-12-28 13:29:39.188696
45,359,2026-02-01,2026-02-04,15987.72,Medical,33,Rejected,2026-02-01 13:29:39.188696,2026-02-04 13:29:39.188696
46,363,2026-03-17,2026-03-22,12254.58,Family,46,Approved,2026-03-17 13:29:39.188696,2026-03-22 13:29:39.188696
47,376,2026-02-22,2026-02-23,10488.99,Personal,40,Rejected,2026-02-22 13:29:39.188696,2026-02-23 13:29:39.188696
48,378,2026-03-26,2026-03-27,7170.76,Education,17,Approved,2026-03-26 13:29:39.188696,2026-03-27 13:29:39.188696
49,392,2026-04-03,2026-04-04,16978.83,Emergency,20,Rejected,2026-04-03 13:29:39.188696,2026-04-04 13:29:39.188696
50,402,2026-04-29,2026-05-01,4353.35,Personal,49,Rejected,2026-04-29 13:29:39.188696,2026-05-01 13:29:39.188696
51,410,2026-04-29,2026-05-01,4986.07,Emergency,20,Approved,2026-04-29 13:29:39.188696,2026-05-01 13:29:39.188696
52,412,2026-06-06,2026-06-06,8322.16,Emergency,41,Approved,2026-06-06 13:29:39.188696,2026-06-06 13:29:39.188696
53,413,2026-06-14,2026-06-18,5312.19,Family,29,Approved,2026-06-14 13:29:39.188696,2026-06-18 13:29:39.188696
54,415,2026-02-15,2026-02-15,20895.11,Family,32,Approved,2026-02-15 13:29:39.188696,2026-02-15 13:29:39.188696
55,421,2026-04-15,2026-04-15,20415.16,Family,39,Rejected,2026-04-15 13:29:39.188696,2026-04-15 13:29:39.188696
56,439,2026-06-17,2026-06-20,6439.59,Personal,31,Approved,2026-06-17 13:29:39.188696,2026-06-20 13:29:39.188696
57,440,2026-04-05,2026-04-10,5114.52,Family,5,Rejected,2026-04-05 13:29:39.188696,2026-04-10 13:29:39.188696
58,447,2026-04-21,2026-04-26,6177.15,Education,10,Approved,2026-04-21 13:29:39.188696,2026-04-26 13:29:39.188696
59,448,2026-03-31,2026-04-04,9742.24,Personal,19,Approved,2026-03-31 13:29:39.188696,2026-04-04 13:29:39.188696
60,449,2025-12-23,2025-12-25,9298.65,Education,33,Rejected,2025-12-23 13:29:39.188696,2025-12-25 13:29:39.188696
61,451,2026-06-07,2026-06-10,8800.55,Personal,17,Approved,2026-06-07 13:29:39.188696,2026-06-10 13:29:39.188696
62,452,2025-12-27,2025-12-31,7475.17,Medical,49,Rejected,2025-12-27 13:29:39.188696,2025-12-31 13:29:39.188696
63,467,2026-05-07,2026-05-09,6417.43,Family,19,Rejected,2026-05-07 13:29:39.188696,2026-05-09 13:29:39.188696
64,491,2026-01-07,2026-01-11,33117.18,Emergency,20,Rejected,2026-01-07 13:29:39.188696,2026-01-11 13:29:39.188696
65,492,2026-03-05,2026-03-05,9562.18,Medical,30,Approved,2026-03-05 13:29:39.188696,2026-03-05 13:29:39.188696
66,502,2026-04-30,2026-05-04,9678.79,Emergency,5,Approved,2026-04-30 13:29:39.188696,2026-05-04 13:29:39.188696
67,508,2026-04-02,2026-04-06,9330.99,Family,10,Approved,2026-04-02 13:29:39.188696,2026-04-06 13:29:39.188696
68,520,2026-02-16,2026-02-21,12535.73,Family,25,Rejected,2026-02-16 13:29:39.188696,2026-02-21 13:29:39.188696
69,525,2026-01-17,2026-01-19,34786.85,Family,7,Rejected,2026-01-17 13:29:39.188696,2026-01-19 13:29:39.188696
70,527,2026-05-12,2026-05-15,22882.73,Emergency,5,Approved,2026-05-12 13:29:39.188696,2026-05-15 13:29:39.188696
71,532,2026-03-25,2026-03-30,11833.57,Family,21,Rejected,2026-03-25 13:29:39.188696,2026-03-30 13:29:39.188696
72,536,2026-05-31,2026-06-01,9381.19,Education,15,Rejected,2026-05-31 13:29:39.188696,2026-06-01 13:29:39.188696
73,537,2026-05-23,2026-05-28,11691.27,Medical,29,Approved,2026-05-23 13:29:39.188696,2026-05-28 13:29:39.188696
74,540,2026-06-03,2026-06-05,7565.63,Family,10,Approved,2026-06-03 13:29:39.188696,2026-06-05 13:29:39.188696
75,545,2026-03-12,2026-03-16,13389.36,Family,38,Approved,2026-03-12 13:29:39.188696,2026-03-16 13:29:39.188696
76,554,2026-03-21,2026-03-25,16993.03,Family,45,Approved,2026-03-21 13:29:39.188696,2026-03-25 13:29:39.188696
77,559,2026-03-12,2026-03-16,7749.86,Education,45,Approved,2026-03-12 13:29:39.188696,2026-03-16 13:29:39.188696
78,560,2025-12-31,2026-01-03,8136.16,Personal,44,Rejected,2025-12-31 13:29:39.188696,2026-01-03 13:29:39.188696
79,575,2026-05-24,2026-05-29,8354.61,Education,29,Approved,2026-05-24 13:29:39.188696,2026-05-29 13:29:39.188696
80,578,2026-04-03,2026-04-05,11074.43,Emergency,13,Approved,2026-04-03 13:29:39.188696,2026-04-05 13:29:39.188696
81,592,2026-04-21,2026-04-26,8843.16,Family,36,Approved,2026-04-21 13:29:39.188696,2026-04-26 13:29:39.188696
82,593,2026-03-08,2026-03-08,5993.65,Medical,30,Approved,2026-03-08 13:29:39.188696,2026-03-08 13:29:39.188696
83,599,2026-04-19,2026-04-22,3080.39,Personal,21,Rejected,2026-04-19 13:29:39.188696,2026-04-22 13:29:39.188696
84,601,2026-02-19,2026-02-24,6487.35,Family,8,Approved,2026-02-19 13:29:39.188696,2026-02-24 13:29:39.188696
85,602,2026-06-08,2026-06-10,14588.81,Medical,7,Approved,2026-06-08 13:29:39.188696,2026-06-10 13:29:39.188696
86,604,2026-02-21,2026-02-23,20361.52,Personal,27,Rejected,2026-02-21 13:29:39.188696,2026-02-23 13:29:39.188696
87,608,2026-02-12,2026-02-16,7189.52,Education,3,Rejected,2026-02-12 13:29:39.188696,2026-02-16 13:29:39.188696
88,613,2025-12-24,2025-12-26,19217.18,Education,4,Approved,2025-12-24 13:29:39.188696,2025-12-26 13:29:39.188696
89,618,2026-04-24,2026-04-29,19991.53,Medical,4,Approved,2026-04-24 13:29:39.188696,2026-04-29 13:29:39.188696
90,620,2026-01-24,2026-01-25,5501.38,Personal,14,Rejected,2026-01-24 13:29:39.188696,2026-01-25 13:29:39.188696
91,624,2026-01-16,2026-01-16,4894.8,Emergency,9,Rejected,2026-01-16 13:29:39.188696,2026-01-16 13:29:39.188696
92,628,2026-06-14,2026-06-16,12100.43,Emergency,38,Approved,2026-06-14 13:29:39.188696,2026-06-16 13:29:39.188696
93,629,2026-04-11,2026-04-11,4594.65,Family,34,Approved,2026-04-11 13:29:39.188696,2026-04-11 13:29:39.188696
94,634,2026-02-09,2026-02-10,26261.85,Medical,47,Rejected,2026-02-09 13:29:39.188696,2026-02-10 13:29:39.188696
95,638,2026-02-15,2026-02-18,5592.51,Medical,32,Rejected,2026-02-15 13:29:39.188696,2026-02-18 13:29:39.188696
96,640,2026-05-28,2026-05-30,8051.86,Medical,9,Approved,2026-05-28 13:29:39.188696,2026-05-30 13:29:39.188696
97,650,2026-01-01,2026-01-06,19893.64,Personal,47,Approved,2026-01-01 13:29:39.188696,2026-01-06 13:29:39.188696
98,663,2026-05-27,2026-05-27,6226.35,Education,9,Rejected,2026-05-27 13:29:39.188696,2026-05-27 13:29:39.188696
99,664,2026-01-25,2026-01-29,7370.55,Medical,27,Approved,2026-01-25 13:29:39.188696,2026-01-29 13:29:39.188696
100,669,2026-04-05,2026-04-09,9976.27,Medical,37,Rejected,2026-04-05 13:29:39.188696,2026-04-09 13:29:39.188696
101,673,2026-01-26,2026-01-28,3150.27,Education,37,Approved,2026-01-26 13:29:39.188696,2026-01-28 13:29:39.188696
102,680,2025-12-31,2026-01-05,14506.96,Emergency,18,Rejected,2025-12-31 13:29:39.188696,2026-01-05 13:29:39.188696
103,685,2025-12-31,2026-01-03,5057.5,Medical,6,Rejected,2025-12-31 13:29:39.188696,2026-01-03 13:29:39.188696
104,697,2026-05-28,2026-05-30,6726.52,Family,32,Rejected,2026-05-28 13:29:39.188696,2026-05-30 13:29:39.188696
105,701,2026-02-27,2026-02-27,5930.55,Personal,32,Rejected,2026-02-27 13:29:39.188696,2026-02-27 13:29:39.188696
106,703,2026-03-08,2026-03-12,3239.34,Emergency,20,Approved,2026-03-08 13:29:39.188696,2026-03-12 13:29:39.188696
107,707,2026-02-10,2026-02-15,7209.5,Emergency,25,Rejected,2026-02-10 13:29:39.188696,2026-02-15 13:29:39.188696
108,712,2026-06-07,2026-06-10,2601.53,Medical,21,Rejected,2026-06-07 13:29:39.188696,2026-06-10 13:29:39.188696
109,725,2026-02-26,2026-03-02,10252.65,Medical,26,Approved,2026-02-26 13:29:39.188696,2026-03-02 13:29:39.188696
110,729,2026-01-06,2026-01-06,8349.97,Emergency,50,Approved,2026-01-06 13:29:39.188696,2026-01-06 13:29:39.188696
111,733,2026-05-22,2026-05-23,6124.44,Emergency,39,Approved,2026-05-22 13:29:39.188696,2026-05-23 13:29:39.188696
112,749,2026-02-24,2026-03-01,5001.03,Education,38,Approved,2026-02-24 13:29:39.188696,2026-03-01 13:29:39.188696
113,751,2026-02-19,2026-02-22,2522.09,Education,19,Approved,2026-02-19 13:29:39.188696,2026-02-22 13:29:39.188696
114,754,2026-01-16,2026-01-20,17726.93,Personal,36,Rejected,2026-01-16 13:29:39.188696,2026-01-20 13:29:39.188696
115,762,2026-05-22,2026-05-24,17438.26,Medical,33,Rejected,2026-05-22 13:29:39.188696,2026-05-24 13:29:39.188696
116,776,2026-05-24,2026-05-28,10898.43,Education,17,Rejected,2026-05-24 13:29:39.188696,2026-05-28 13:29:39.188696
117,781,2025-12-30,2025-12-31,21348.66,Education,42,Rejected,2025-12-30 13:29:39.188696,2025-12-31 13:29:39.188696
118,783,2026-05-27,2026-05-29,13335.57,Education,9,Rejected,2026-05-27 13:29:39.188696,2026-05-29 13:29:39.188696
119,788,2025-12-28,2025-12-31,21074.45,Medical,24,Approved,2025-12-28 13:29:39.188696,2025-12-31 13:29:39.188696
120,794,2026-05-29,2026-05-31,15297.48,Medical,33,Rejected,2026-05-29 13:29:39.188696,2026-05-31 13:29:39.188696
121,797,2026-03-23,2026-03-27,5962.81,Family,10,Approved,2026-03-23 13:29:39.188696,2026-03-27 13:29:39.188696
122,803,2026-03-16,2026-03-21,9964.24,Family,40,Approved,2026-03-16 13:29:39.188696,2026-03-21 13:29:39.188696
123,823,2026-02-14,2026-02-16,18232.82,Medical,46,Rejected,2026-02-14 13:29:39.188696,2026-02-16 13:29:39.188696
124,829,2026-02-26,2026-02-26,18674.1,Emergency,29,Approved,2026-02-26 13:29:39.188696,2026-02-26 13:29:39.188696
125,835,2026-04-21,2026-04-21,5130.45,Medical,46,Rejected,2026-04-21 13:29:39.188696,2026-04-21 13:29:39.188696
126,837,2026-06-08,2026-06-10,11324.68,Family,45,Approved,2026-06-08 13:29:39.188696,2026-06-10 13:29:39.188696
127,842,2026-04-23,2026-04-24,9815.39,Personal,34,Approved,2026-04-23 13:29:39.188696,2026-04-24 13:29:39.188696
128,843,2026-04-05,2026-04-06,4910.54,Medical,16,Approved,2026-04-05 13:29:39.188696,2026-04-06 13:29:39.188696
129,846,2026-02-10,2026-02-14,7413.43,Personal,37,Approved,2026-02-10 13:29:39.188696,2026-02-14 13:29:39.188696
130,849,2026-03-19,2026-03-20,9405.46,Emergency,43,Rejected,2026-03-19 13:29:39.188696,2026-03-20 13:29:39.188696
131,850,2026-03-17,2026-03-17,12507.7,Personal,33,Rejected,2026-03-17 13:29:39.188696,2026-03-17 13:29:39.188696
132,857,2026-05-31,2026-06-02,4065.93,Medical,50,Rejected,2026-05-31 13:29:39.188696,2026-06-02 13:29:39.188696
133,860,2026-01-29,2026-01-31,29432.4,Emergency,50,Rejected,2026-01-29 13:29:39.196367,2026-01-31 13:29:39.196367
134,865,2026-02-20,2026-02-20,9714.14,Medical,13,Approved,2026-02-20 13:29:39.196367,2026-02-20 13:29:39.196367
135,871,2026-01-03,2026-01-04,4821.78,Medical,42,Approved,2026-01-03 13:29:39.196367,2026-01-04 13:29:39.196367
136,884,2026-03-01,2026-03-01,9645.56,Emergency,35,Approved,2026-03-01 13:29:39.196367,2026-03-01 13:29:39.196367
137,886,2025-12-30,2026-01-01,4496.93,Personal,46,Approved,2025-12-30 13:29:39.196367,2026-01-01 13:29:39.196367
138,896,2025-12-28,2026-01-02,10974.72,Personal,48,Rejected,2025-12-28 13:29:39.196906,2026-01-02 13:29:39.196906
139,898,2026-01-13,2026-01-18,13098.49,Medical,9,Approved,2026-01-13 13:29:39.196906,2026-01-18 13:29:39.196906
140,903,2026-05-09,2026-05-14,7630.0,Education,24,Approved,2026-05-09 13:29:39.196906,2026-05-14 13:29:39.196906
141,910,2026-05-01,2026-05-04,9523.73,Personal,8,Approved,2026-05-01 13:29:39.196906,2026-05-04 13:29:39.196906
142,918,2026-05-30,2026-06-02,7320.41,Family,6,Rejected,2026-05-30 13:29:39.196906,2026-06-02 13:29:39.196906
143,940,2026-05-26,2026-05-26,6406.34,Family,34,Approved,2026-05-26 13:29:39.196906,2026-05-26 13:29:39.196906
144,943,2026-03-28,2026-04-02,2861.99,Family,44,Rejected,2026-03-28 13:29:39.196906,2026-04-02 13:29:39.196906
145,952,2026-05-17,2026-05-21,3679.69,Emergency,11,Approved,2026-05-17 13:29:39.196906,2026-05-21 13:29:39.196906
146,958,2026-04-28,2026-05-03,33557.32,Education,9,Rejected,2026-04-28 13:29:39.196906,2026-05-03 13:29:39.196906
147,971,2026-06-06,2026-06-11,12044.8,Education,42,Approved,2026-06-06 13:29:39.196906,2026-06-11 13:29:39.196906
148,983,2026-06-02,2026-06-03,23830.56,Family,30,Approved,2026-06-02 13:29:39.196906,2026-06-03 13:29:39.196906
149,985,2026-03-28,2026-04-02,33502.89,Education,26,Approved,2026-03-28 13:29:39.196906,2026-04-02 13:29:39.196906
150,988,2026-04-17,2026-04-20,4614.95,Family,16,Approved,2026-04-17 13:29:39.196906,2026-04-20 13:29:39.196906
151,989,2026-04-04,2026-04-07,14296.06,Family,16,Approved,2026-04-04 13:29:39.196906,2026-04-07 13:29:39.196906
152,999,2026-03-09,2026-03-13,7883.92,Emergency,14,Rejected,2026-03-09 13:29:39.196906,2026-03-13 13:29:39.196906
153,1001,2026-02-11,2026-02-15,11536.27,Family,19,Rejected,2026-02-11 13:29:39.196906,2026-02-15 13:29:39.196906
154,1002,2026-05-21,2026-05-24,4092.13,Education,47,Approved,2026-05-21 13:29:39.196906,2026-05-24 13:29:39.196906
155,1009,2026-02-08,2026-02-11,8992.08,Education,40,Rejected,2026-02-08 13:29:39.196906,2026-02-11 13:29:39.196906
156,1011,2026-05-24,2026-05-27,6457.58,Education,36,Approved,2026-05-24 13:29:39.196906,2026-05-27 13:29:39.196906
157,1016,2026-05-13,2026-05-18,10959.53,Family,34,Approved,2026-05-13 13:29:39.196906,2026-05-18 13:29:39.196906
158,1017,2026-02-06,2026-02-07,10252.65,Personal,21,Approved,2026-02-06 13:29:39.196906,2026-02-07 13:29:39.196906
159,1027,2026-03-25,2026-03-30,3551.17,Family,38,Approved,2026-03-25 13:29:39.196906,2026-03-30 13:29:39.196906
160,1031,2026-02-16,2026-02-18,15412.5,Personal,37,Approved,2026-02-16 13:29:39.196906,2026-02-18 13:29:39.196906
161,1038,2025-12-25,2025-12-26,5269.65,Medical,13,Approved,2025-12-25 13:29:39.196906,2025-12-26 13:29:39.196906
162,1084,2026-06-07,2026-06-09,27523.58,Medical,23,Approved,2026-06-07 13:29:39.196906,2026-06-09 13:29:39.196906
163,1092,2026-01-18,2026-01-19,5914.03,Personal,15,Rejected,2026-01-18 13:29:39.196906,2026-01-19 13:29:39.196906
164,1094,2026-03-25,2026-03-30,8865.34,Emergency,1,Rejected,2026-03-25 13:29:39.196906,2026-03-30 13:29:39.196906
165,1104,2026-05-26,2026-05-31,9014.37,Personal,48,Rejected,2026-05-26 13:29:39.196906,2026-05-31 13:29:39.196906
166,1106,2026-05-04,2026-05-07,11467.83,Emergency,3,Approved,2026-05-04 13:29:39.196906,2026-05-07 13:29:39.196906
167,1112,2026-04-02,2026-04-06,7492.21,Education,19,Approved,2026-04-02 13:29:39.196906,2026-04-06 13:29:39.196906
168,1120,2026-05-07,2026-05-12,15635.82,Education,46,Approved,2026-05-07 13:29:39.196906,2026-05-12 13:29:39.196906
169,1121,2026-03-23,2026-03-25,14386.08,Emergency,12,Rejected,2026-03-23 13:29:39.196906,2026-03-25 13:29:39.196906
170,1126,2025-12-28,2025-12-28,5089.55,Emergency,31,Approved,2025-12-28 13:29:39.196906,2025-12-28 13:29:39.196906
171,1128,2026-03-11,2026-03-12,8235.97,Education,22,Approved,2026-03-11 13:29:39.196906,2026-03-12 13:29:39.196906
172,1164,2026-01-28,2026-02-01,5717.25,Personal,10,Approved,2026-01-28 13:29:39.196906,2026-02-01 13:29:39.196906
173,1167,2026-04-26,2026-05-01,8979.33,Medical,33,Approved,2026-04-26 13:29:39.196906,2026-05-01 13:29:39.196906
174,1172,2026-02-19,2026-02-24,16921.64,Medical,26,Approved,2026-02-19 13:29:39.196906,2026-02-24 13:29:39.196906
175,1176,2026-03-21,2026-03-26,3164.33,Medical,5,Approved,2026-03-21 13:29:39.196906,2026-03-26 13:29:39.196906
176,1177,2026-03-05,2026-03-06,11928.09,Family,24,Approved,2026-03-05 13:29:39.196906,2026-03-06 13:29:39.196906
177,1181,2025-12-30,2026-01-03,8105.14,Education,8,Approved,2025-12-30 13:29:39.196906,2026-01-03 13:29:39.196906
178,1184,2026-04-21,2026-04-21,23508.38,Education,30,Rejected,2026-04-21 13:29:39.196906,2026-04-21 13:29:39.196906
179,1194,2025-12-30,2026-01-02,8575.54,Medical,16,Approved,2025-12-30 13:29:39.196906,2026-01-02 13:29:39.196906
180,1195,2026-01-16,2026-01-16,6470.77,Medical,16,Rejected,2026-01-16 13:29:39.196906,2026-01-16 13:29:39.196906
181,1196,2026-02-25,2026-02-26,10024.26,Medical,9,Rejected,2026-02-25 13:29:39.196906,2026-02-26 13:29:39.196906
182,1216,2026-03-21,2026-03-26,13711.05,Personal,21,Rejected,2026-03-21 13:29:39.196906,2026-03-26 13:29:39.196906
183,1218,2026-03-13,2026-03-14,12458.38,Family,16,Approved,2026-03-13 13:29:39.196906,2026-03-14 13:29:39.196906
184,1226,2026-04-16,2026-04-18,4092.36,Medical,29,Approved,2026-04-16 13:29:39.196906,2026-04-18 13:29:39.196906
185,1227,2026-04-30,2026-04-30,6088.19,Personal,39,Approved,2026-04-30 13:29:39.196906,2026-04-30 13:29:39.196906
186,1237,2026-04-30,2026-05-05,4230.01,Family,16,Rejected,2026-04-30 13:29:39.196906,2026-05-05 13:29:39.196906
187,1249,2026-02-17,2026-02-19,11687.08,Education,21,Approved,2026-02-17 13:29:39.196906,2026-02-19 13:29:39.196906
188,1250,2026-04-22,2026-04-27,3422.2,Education,36,Rejected,2026-04-22 13:29:39.196906,2026-04-27 13:29:39.196906
189,1273,2026-06-09,2026-06-09,25537.82,Medical,49,Approved,2026-06-09 13:29:39.196906,2026-06-09 13:29:39.196906
190,1278,2026-02-08,2026-02-11,6110.11,Personal,41,Rejected,2026-02-08 13:29:39.196906,2026-02-11 13:29:39.196906
191,1282,2026-02-01,2026-02-05,12790.82,Medical,34,Rejected,2026-02-01 13:29:39.196906,2026-02-05 13:29:39.196906
192,1285,2025-12-21,2025-12-26,11853.41,Emergency,7,Approved,2025-12-21 13:29:39.196906,2025-12-26 13:29:39.196906
193,1292,2026-03-06,2026-03-09,9407.41,Emergency,20,Rejected,2026-03-06 13:29:39.196906,2026-03-09 13:29:39.196906
194,1294,2026-01-02,2026-01-02,3523.35,Family,25,Rejected,2026-01-02 13:29:39.196906,2026-01-02 13:29:39.196906
195,1298,2026-02-26,2026-03-03,10855.57,Personal,7,Rejected,2026-02-26 13:29:39.196906,2026-03-03 13:29:39.196906
196,1312,2026-04-25,2026-04-29,3610.32,Family,5,Approved,2026-04-25 13:29:39.196906,2026-04-29 13:29:39.196906
197,1320,2025-12-23,2025-12-28,8740.64,Education,4,Approved,2025-12-23 13:29:39.196906,2025-12-28 13:29:39.196906
198,1328,2026-04-09,2026-04-12,11412.4,Education,36,Approved,2026-04-09 13:29:39.196906,2026-04-12 13:29:39.196906
199,1332,2026-01-10,2026-01-12,10763.53,Medical,6,Approved,2026-01-10 13:29:39.196906,2026-01-12 13:29:39.196906
200,1338,2026-06-16,2026-06-18,8136.47,Education,7,Approved,2026-06-16 13:29:39.196906,2026-06-18 13:29:39.196906
201,1339,2026-02-27,2026-03-02,9995.64,Personal,27,Approved,2026-02-27 13:29:39.196906,2026-03-02 13:29:39.196906
202,1340,2026-03-19,2026-03-23,6177.49,Personal,21,Approved,2026-03-19 13:29:39.196906,2026-03-23 13:29:39.196906
203,1341,2026-03-04,2026-03-07,18650.19,Personal,16,Rejected,2026-03-04 13:29:39.196906,2026-03-07 13:29:39.196906
204,1347,2026-05-06,2026-05-09,6010.9,Education,31,Approved,2026-05-06 13:29:39.196906,2026-05-09 13:29:39.196906
205,1354,2026-06-16,2026-06-19,10002.72,Personal,25,Approved,2026-06-16 13:29:39.196906,2026-06-19 13:29:39.196906
206,1380,2026-02-19,2026-02-24,10356.61,Education,45,Approved,2026-02-19 13:29:39.196906,2026-02-24 13:29:39.196906
207,1390,2026-01-15,2026-01-18,7970.9,Personal,33,Rejected,2026-01-15 13:29:39.196906,2026-01-18 13:29:39.196906
208,1392,2026-03-17,2026-03-22,13175.56,Personal,39,Rejected,2026-03-17 13:29:39.196906,2026-03-22 13:29:39.196906
209,1394,2026-04-15,2026-04-20,11671.13,Emergency,42,Rejected,2026-04-15 13:29:39.196906,2026-04-20 13:29:39.196906
210,1395,2026-01-03,2026-01-08,11196.02,Education,28,Approved,2026-01-03 13:29:39.196906,2026-01-08 13:29:39.196906
211,1396,2026-04-12,2026-04-13,8968.07,Personal,36,Rejected,2026-04-12 13:29:39.196906,2026-04-13 13:29:39.196906
212,1408,2026-05-12,2026-05-14,6178.1,Family,14,Rejected,2026-05-12 13:29:39.196906,2026-05-14 13:29:39.196906
213,1416,2026-03-22,2026-03-27,8293.23,Emergency,48,Approved,2026-03-22 13:29:39.196906,2026-03-27 13:29:39.196906
214,1431,2026-04-24,2026-04-25,5968.18,Medical,37,Approved,2026-04-24 13:29:39.196906,2026-04-25 13:29:39.196906
215,1436,2025-12-28,2025-12-31,7008.46,Education,39,Approved,2025-12-28 13:29:39.196906,2025-12-31 13:29:39.196906
216,1446,2026-05-14,2026-05-16,5616.51,Education,8,Approved,2026-05-14 13:29:39.196906,2026-05-16 13:29:39.196906
217,1448,2026-03-10,2026-03-13,7735.32,Personal,25,Approved,2026-03-10 13:29:39.196906,2026-03-13 13:29:39.196906
218,1456,2026-03-29,2026-04-01,23657.34,Education,1,Approved,2026-03-29 13:29:39.196906,2026-04-01 13:29:39.196906
219,1457,2026-03-11,2026-03-15,25893.7,Family,27,Rejected,2026-03-11 13:29:39.196906,2026-03-15 13:29:39.196906
220,1465,2026-04-21,2026-04-25,9371.79,Family,37,Rejected,2026-04-21 13:29:39.196906,2026-04-25 13:29:39.196906
221,1483,2026-04-11,2026-04-13,23270.78,Medical,29,Approved,2026-04-11 13:29:39.196906,2026-04-13 13:29:39.196906
222,1492,2026-04-26,2026-04-27,12020.62,Personal,23,Rejected,2026-04-26 13:29:39.196906,2026-04-27 13:29:39.196906
223,1502,2026-03-04,2026-03-04,14293.56,Emergency,45,Approved,2026-03-04 13:29:39.196906,2026-03-04 13:29:39.196906
224,1515,2026-02-06,2026-02-11,15642.66,Education,30,Approved,2026-02-06 13:29:39.196906,2026-02-11 13:29:39.196906
225,1517,2026-05-25,2026-05-30,35851.53,Education,5,Rejected,2026-05-25 13:29:39.196906,2026-05-30 13:29:39.196906
226,1525,2026-02-13,2026-02-15,20375.56,Medical,3,Approved,2026-02-13 13:29:39.196906,2026-02-15 13:29:39.196906
227,1528,2026-05-08,2026-05-11,7202.25,Family,13,Rejected,2026-05-08 13:29:39.196906,2026-05-11 13:29:39.196906
228,1534,2026-03-17,2026-03-19,3445.61,Emergency,4,Approved,2026-03-17 13:29:39.196906,2026-03-19 13:29:39.196906
229,1539,2026-05-24,2026-05-24,6678.64,Medical,9,Rejected,2026-05-24 13:29:39.196906,2026-05-24 13:29:39.196906
230,1542,2025-12-21,2025-12-23,11716.0,Family,45,Approved,2025-12-21 13:29:39.196906,2025-12-23 13:29:39.196906
231,1545,2026-05-22,2026-05-22,15464.67,Education,9,Approved,2026-05-22 13:29:39.196906,2026-05-22 13:29:39.196906
232,1548,2025-12-26,2025-12-27,6144.45,Personal,1,Rejected,2025-12-26 13:29:39.196906,2025-12-27 13:29:39.196906
233,1557,2026-05-23,2026-05-24,9565.74,Personal,47,Approved,2026-05-23 13:29:39.196906,2026-05-24 13:29:39.196906
234,1568,2025-12-31,2026-01-02,5348.57,Personal,33,Approved,2025-12-31 13:29:39.196906,2026-01-02 13:29:39.196906
235,1571,2026-04-17,2026-04-20,7724.48,Emergency,32,Rejected,2026-04-17 13:29:39.196906,2026-04-20 13:29:39.196906
236,1577,2026-01-23,2026-01-26,7365.26,Emergency,49,Approved,2026-01-23 13:29:39.196906,2026-01-26 13:29:39.196906
237,1580,2026-05-31,2026-05-31,5716.19,Medical,4,Approved,2026-05-31 13:29:39.196906,2026-05-31 13:29:39.196906
238,1586,2026-01-31,2026-02-04,17108.59,Education,6,Approved,2026-01-31 13:29:39.196906,2026-02-04 13:29:39.196906
239,1587,2026-04-26,2026-04-27,23621.59,Family,38,Rejected,2026-04-26 13:29:39.196906,2026-04-27 13:29:39.196906
240,1597,2026-01-12,2026-01-16,3478.67,Emergency,8,Approved,2026-01-12 13:29:39.196906,2026-01-16 13:29:39.196906
241,1606,2026-04-10,2026-04-15,18261.28,Medical,22,Approved,2026-04-10 13:29:39.196906,2026-04-15 13:29:39.196906
242,1608,2026-01-21,2026-01-26,4716.22,Family,33,Approved,2026-01-21 13:29:39.196906,2026-01-26 13:29:39.196906
243,1609,2026-01-23,2026-01-24,10148.61,Education,50,Approved,2026-01-23 13:29:39.196906,2026-01-24 13:29:39.196906
244,1612,2026-02-07,2026-02-07,3503.52,Medical,16,Approved,2026-02-07 13:29:39.196906,2026-02-07 13:29:39.196906
245,1626,2026-03-14,2026-03-14,9451.35,Medical,12,Approved,2026-03-14 13:29:39.196906,2026-03-14 13:29:39.196906
246,1630,2026-02-18,2026-02-20,12449.78,Education,21,Approved,2026-02-18 13:29:39.196906,2026-02-20 13:29:39.196906
247,1632,2026-04-27,2026-04-29,9522.84,Education,48,Rejected,2026-04-27 13:29:39.196906,2026-04-29 13:29:39.196906
248,1643,2026-01-30,2026-02-01,18019.35,Medical,22,Approved,2026-01-30 13:29:39.196906,2026-02-01 13:29:39.196906
249,1653,2026-04-07,2026-04-07,7307.89,Emergency,34,Approved,2026-04-07 13:29:39.196906,2026-04-07 13:29:39.196906
250,1657,2026-05-24,2026-05-28,5923.45,Family,5,Rejected,2026-05-24 13:29:39.196906,2026-05-28 13:29:39.196906
251,1669,2026-04-27,2026-04-28,11892.06,Personal,7,Approved,2026-04-27 13:29:39.196906,2026-04-28 13:29:39.196906
252,1670,2026-02-22,2026-02-25,6444.19,Medical,35,Approved,2026-02-22 13:29:39.196906,2026-02-25 13:29:39.196906
253,1675,2026-05-08,2026-05-13,8288.62,Personal,3,Approved,2026-05-08 13:29:39.196906,2026-05-13 13:29:39.196906
254,1678,2026-04-15,2026-04-17,7359.43,Medical,44,Approved,2026-04-15 13:29:39.196906,2026-04-17 13:29:39.196906
255,1681,2026-03-06,2026-03-09,6970.21,Personal,16,Approved,2026-03-06 13:29:39.196906,2026-03-09 13:29:39.196906
256,1684,2026-06-14,2026-06-14,26346.39,Emergency,9,Approved,2026-06-14 13:29:39.196906,2026-06-14 13:29:39.196906
257,1692,2026-06-01,2026-06-02,18600.83,Family,9,Approved,2026-06-01 13:29:39.196906,2026-06-02 13:29:39.196906
258,1696,2026-02-19,2026-02-19,4303.45,Personal,28,Rejected,2026-02-19 13:29:39.196906,2026-02-19 13:29:39.196906
259,1698,2025-12-25,2025-12-28,4816.45,Emergency,12,Approved,2025-12-25 13:29:39.196906,2025-12-28 13:29:39.196906
260,1701,2026-01-10,2026-01-14,4769.05,Education,32,Approved,2026-01-10 13:29:39.196906,2026-01-14 13:29:39.196906
261,1704,2026-03-11,2026-03-12,6308.21,Personal,16,Rejected,2026-03-11 13:29:39.196906,2026-03-12 13:29:39.196906
262,1707,2026-03-12,2026-03-17,6407.86,Personal,32,Approved,2026-03-12 13:29:39.196906,2026-03-17 13:29:39.196906
263,1716,2026-02-17,2026-02-21,10882.77,Personal,15,Approved,2026-02-17 13:29:39.196906,2026-02-21 13:29:39.196906
264,1717,2025-12-31,2026-01-01,9766.49,Medical,49,Approved,2025-12-31 13:29:39.196906,2026-01-01 13:29:39.196906
265,1732,2026-04-30,2026-05-03,10650.59,Emergency,32,Approved,2026-04-30 13:29:39.196906,2026-05-03 13:29:39.196906
266,1733,2026-04-19,2026-04-23,6922.81,Personal,31,Approved,2026-04-19 13:29:39.196906,2026-04-23 13:29:39.196906
267,1741,2026-05-11,2026-05-15,11748.11,Emergency,50,Approved,2026-05-11 13:29:39.196906,2026-05-15 13:29:39.196906
268,1748,2026-04-01,2026-04-03,4575.12,Emergency,47,Approved,2026-04-01 13:29:39.196906,2026-04-03 13:29:39.196906
269,1762,2026-06-17,2026-06-22,27395.53,Family,50,Rejected,2026-06-17 13:29:39.196906,2026-06-22 13:29:39.196906
270,1763,2026-01-14,2026-01-16,25400.29,Personal,15,Rejected,2026-01-14 13:29:39.196906,2026-01-16 13:29:39.196906
271,1766,2026-05-29,2026-05-30,7325.96,Education,11,Rejected,2026-05-29 13:29:39.196906,2026-05-30 13:29:39.196906
272,1768,2025-12-28,2026-01-02,16698.0,Education,29,Approved,2025-12-28 13:29:39.196906,2026-01-02 13:29:39.196906
273,1771,2026-04-13,2026-04-13,10800.32,Medical,25,Approved,2026-04-13 13:29:39.196906,2026-04-13 13:29:39.196906
274,1778,2026-02-15,2026-02-19,10793.98,Emergency,11,Approved,2026-02-15 13:29:39.196906,2026-02-19 13:29:39.196906
275,1779,2026-06-09,2026-06-11,2898.26,Education,7,Approved,2026-06-09 13:29:39.196906,2026-06-11 13:29:39.196906
276,1783,2026-05-25,2026-05-27,10365.37,Personal,31,Rejected,2026-05-25 13:29:39.196906,2026-05-27 13:29:39.196906
277,1784,2026-01-01,2026-01-02,9205.53,Family,11,Approved,2026-01-01 13:29:39.196906,2026-01-02 13:29:39.196906
278,1785,2026-04-26,2026-04-27,7387.63,Personal,47,Rejected,2026-04-26 13:29:39.196906,2026-04-27 13:29:39.196906
279,1789,2026-03-09,2026-03-13,12446.59,Family,10,Approved,2026-03-09 13:29:39.196906,2026-03-13 13:29:39.196906
280,1796,2026-05-05,2026-05-10,14438.41,Medical,31,Approved,2026-05-05 13:29:39.196906,2026-05-10 13:29:39.196906
281,1801,2026-01-29,2026-02-01,5813.32,Family,24,Approved,2026-01-29 13:29:39.196906,2026-02-01 13:29:39.196906
282,1807,2025-12-21,2025-12-26,3271.62,Education,35,Approved,2025-12-21 13:29:39.196906,2025-12-26 13:29:39.196906
283,1819,2026-06-09,2026-06-13,9506.11,Personal,37,Rejected,2026-06-09 13:29:39.196906,2026-06-13 13:29:39.196906
284,1821,2026-02-23,2026-02-24,13147.47,Emergency,14,Approved,2026-02-23 13:29:39.196906,2026-02-24 13:29:39.196906
285,1822,2026-03-01,2026-03-01,9907.73,Family,13,Rejected,2026-03-01 13:29:39.196906,2026-03-01 13:29:39.196906
286,1823,2026-01-16,2026-01-18,6782.3,Medical,6,Approved,2026-01-16 13:29:39.196906,2026-01-18 13:29:39.196906
287,1829,2025-12-20,2025-12-24,17165.62,Family,8,Approved,2025-12-20 13:29:39.196906,2025-12-24 13:29:39.196906
288,1830,2026-01-23,2026-01-27,15026.49,Medical,7,Rejected,2026-01-23 13:29:39.196906,2026-01-27 13:29:39.196906
289,1848,2026-02-16,2026-02-18,13340.43,Medical,22,Approved,2026-02-16 13:29:39.196906,2026-02-18 13:29:39.196906
290,1861,2026-02-24,2026-02-25,11934.03,Family,48,Approved,2026-02-24 13:29:39.196906,2026-02-25 13:29:39.196906
291,1869,2026-02-03,2026-02-07,5718.21,Emergency,13,Approved,2026-02-03 13:29:39.196906,2026-02-07 13:29:39.196906
292,1878,2026-06-10,2026-06-11,7374.24,Personal,29,Approved,2026-06-10 13:29:39.196906,2026-06-11 13:29:39.196906
293,1886,2026-06-10,2026-06-13,3676.48,Personal,50,Approved,2026-06-10 13:29:39.196906,2026-06-13 13:29:39.196906
294,1892,2025-12-25,2025-12-25,12770.76,Emergency,42,Approved,2025-12-25 13:29:39.196906,2025-12-25 13:29:39.196906
295,1894,2026-04-14,2026-04-18,9389.42,Education,46,Rejected,2026-04-14 13:29:39.196906,2026-04-18 13:29:39.196906
296,1904,2026-02-07,2026-02-12,19933.82,Education,36,Rejected,2026-02-07 13:29:39.196906,2026-02-12 13:29:39.196906
297,1919,2026-01-15,2026-01-18,9622.85,Emergency,47,Approved,2026-01-15 13:29:39.196906,2026-01-18 13:29:39.196906
298,1925,2026-01-22,2026-01-23,6436.1,Emergency,44,Rejected,2026-01-22 13:29:39.196906,2026-01-23 13:29:39.196906
299,1951,2026-06-04,2026-06-09,7615.54,Personal,5,Approved,2026-06-04 13:29:39.196906,2026-06-09 13:29:39.196906
300,1957,2026-05-10,2026-05-11,10979.37,Education,27,Rejected,2026-05-10 13:29:39.196906,2026-05-11 13:29:39.196906
301,1960,2026-05-02,2026-05-02,9396.78,Emergency,21,Rejected,2026-05-02 13:29:39.196906,2026-05-02 13:29:39.196906
302,1961,2026-02-22,2026-02-24,5690.28,Emergency,37,Approved,2026-02-22 13:29:39.196906,2026-02-24 13:29:39.196906
303,1964,2026-01-11,2026-01-14,19944.2,Family,28,Approved,2026-01-11 13:29:39.196906,2026-01-14 13:29:39.196906
304,1966,2026-04-27,2026-05-02,11083.98,Medical,21,Rejected,2026-04-27 13:29:39.196906,2026-05-02 13:29:39.196906
305,1973,2026-03-11,2026-03-15,9057.98,Emergency,5,Approved,2026-03-11 13:29:39.196906,2026-03-15 13:29:39.196906
306,1990,2026-06-12,2026-06-16,8291.31,Medical,24,Rejected,2026-06-12 13:29:39.196906,2026-06-16 13:29:39.196906
307,1992,2026-01-05,2026-01-07,10333.41,Personal,4,Rejected,2026-01-05 13:29:39.196906,2026-01-07 13:29:39.196906
308,1996,2025-12-23,2025-12-23,7598.04,Family,8,Rejected,2025-12-23 13:29:39.196906,2025-12-23 13:29:39.196906
309,2001,2026-03-02,2026-03-07,7519.95,Personal,18,Rejected,2026-03-02 13:29:39.196906,2026-03-07 13:29:39.196906
310,2003,2026-05-22,2026-05-26,16964.65,Medical,19,Approved,2026-05-22 13:29:39.196906,2026-05-26 13:29:39.196906
311,2018,2026-05-26,2026-05-26,24476.33,Family,10,Approved,2026-05-26 13:29:39.196906,2026-05-26 13:29:39.196906
312,2020,2026-05-23,2026-05-25,11571.64,Family,19,Approved,2026-05-23 13:29:39.196906,2026-05-25 13:29:39.196906
313,2022,2026-05-04,2026-05-04,18460.9,Education,44,Approved,2026-05-04 13:29:39.196906,2026-05-04 13:29:39.196906
314,2024,2026-06-06,2026-06-06,11943.46,Emergency,22,Approved,2026-06-06 13:29:39.196906,2026-06-06 13:29:39.196906
315,2031,2026-03-07,2026-03-10,4994.36,Family,45,Approved,2026-03-07 13:29:39.196906,2026-03-10 13:29:39.196906
316,2035,2025-12-21,2025-12-26,4965.26,Emergency,7,Approved,2025-12-21 13:29:39.196906,2025-12-26 13:29:39.196906
317,2051,2026-01-01,2026-01-03,2982.83,Personal,50,Rejected,2026-01-01 13:29:39.196906,2026-01-03 13:29:39.196906
318,2059,2025-12-30,2026-01-04,4736.88,Education,43,Rejected,2025-12-30 13:29:39.196906,2026-01-04 13:29:39.196906
319,2061,2026-01-26,2026-01-30,3600.22,Emergency,33,Approved,2026-01-26 13:29:39.196906,2026-01-30 13:29:39.196906
320,2064,2026-02-12,2026-02-14,5554.54,Education,4,Rejected,2026-02-12 13:29:39.196906,2026-02-14 13:29:39.196906
321,2074,2026-02-10,2026-02-15,10153.19,Medical,26,Approved,2026-02-10 13:29:39.196906,2026-02-15 13:29:39.196906
322,2075,2026-01-28,2026-01-28,10141.52,Personal,40,Rejected,2026-01-28 13:29:39.196906,2026-01-28 13:29:39.196906
323,2082,2026-04-21,2026-04-24,19442.54,Personal,39,Approved,2026-04-21 13:29:39.196906,2026-04-24 13:29:39.196906
324,2086,2025-12-31,2026-01-01,5849.46,Education,41,Approved,2025-12-31 13:29:39.196906,2026-01-01 13:29:39.196906
325,2089,2026-05-06,2026-05-09,5287.31,Family,7,Approved,2026-05-06 13:29:39.196906,2026-05-09 13:29:39.196906
326,2097,2026-03-03,2026-03-03,10907.33,Personal,8,Approved,2026-03-03 13:29:39.196906,2026-03-03 13:29:39.196906
327,2102,2026-06-05,2026-06-09,14387.75,Personal,31,Rejected,2026-06-05 13:29:39.196906,2026-06-09 13:29:39.196906
328,2108,2025-12-31,2026-01-04,15050.62,Education,33,Approved,2025-12-31 13:29:39.196906,2026-01-04 13:29:39.196906
329,2117,2026-01-14,2026-01-19,28060.44,Personal,20,Rejected,2026-01-14 13:29:39.196906,2026-01-19 13:29:39.196906
330,2127,2026-01-02,2026-01-03,9029.23,Education,46,Approved,2026-01-02 13:29:39.196906,2026-01-03 13:29:39.196906
331,2138,2026-05-21,2026-05-21,7135.65,Medical,43,Approved,2026-05-21 13:29:39.196906,2026-05-21 13:29:39.196906
332,2148,2026-02-22,2026-02-22,8720.68,Personal,15,Rejected,2026-02-22 13:29:39.196906,2026-02-22 13:29:39.196906
333,2155,2026-03-12,2026-03-15,20781.94,Education,36,Approved,2026-03-12 13:29:39.196906,2026-03-15 13:29:39.196906
334,2156,2026-04-14,2026-04-15,15766.57,Family,15,Rejected,2026-04-14 13:29:39.196906,2026-04-15 13:29:39.196906
335,2173,2026-01-19,2026-01-21,2987.78,Family,46,Approved,2026-01-19 13:29:39.196906,2026-01-21 13:29:39.196906
336,2174,2026-03-27,2026-03-31,3043.09,Personal,43,Approved,2026-03-27 13:29:39.196906,2026-03-31 13:29:39.196906
337,2182,2026-02-08,2026-02-09,5331.18,Personal,26,Approved,2026-02-08 13:29:39.212364,2026-02-09 13:29:39.212364
